Sistema de Información Energética,,,,,,,,,,,,,,,,,,,,,,,,,,,,,,,,,,,,,,,,,,,,,,,,,,,,,,,,,,,,,,,,,,,,,,,,,,,,,,,,,,,,,,,,,,,,,,,,,,,,,,,,,,,,,,,,,,,,,,,,,,,,,,,,,,,,,,,,,,,,,,,,,,,,,,,,,,,,,,,,,,,,,,,,,,,,,,,,,,,,,,,,,,,,,,,,,,,,,,,,,,,,,,,,,,,,,,,,,,,,,,,,,,,,,,,,,,,,,,,,,,,,,,,,,,,,,,,,,,,,,,,,,,,,,,,,,,,,,,,
Sistema Eléctrico Nacional,,,,,,,,,,,,,,,,,,,,,,,,,,,,,,,,,,,,,,,,,,,,,,,,,,,,,,,,,,,,,,,,,,,,,,,,,,,,,,,,,,,,,,,,,,,,,,,,,,,,,,,,,,,,,,,,,,,,,,,,,,,,,,,,,,,,,,,,,,,,,,,,,,,,,,,,,,,,,,,,,,,,,,,,,,,,,,,,,,,,,,,,,,,,,,,,,,,,,,,,,,,,,,,,,,,,,,,,,,,,,,,,,,,,,,,,,,,,,,,,,,,,,,,,,,,,,,,,,,,,,,,,,,,,,,,,,,,,,,,
,,,,,,,,,,,,,,,,,,,,,,,,,,,,,,,,,,,,,,,,,,,,,,,,,,,,,,,,,,,,,,,,,,,,,,,,,,,,,,,,,,,,,,,,,,,,,,,,,,,,,,,,,,,,,,,,,,,,,,,,,,,,,,,,,,,,,,,,,,,,,,,,,,,,,,,,,,,,,,,,,,,,,,,,,,,,,,,,,,,,,,,,,,,,,,,,,,,,,,,,,,,,,,,,,,,,,,,,,,,,,,,,,,,,,,,,,,,,,,,,,,,,,,,,,,,,,,,,,,,,,,,,,,,,,,,,,,,,,,,
,,,,,,,,,,,,,,,,,,,,,,,,,,,,,,,,,,,,,,,,,,,,,,,,,,,,,,,,,,,,,,,,,,,,,,,,,,,,,,,,,,,,,,,,,,,,,,,,,,,,,,,,,,,,,,,,,,,,,,,,,,,,,,,,,,,,,,,,,,,,,,,,,,,,,,,,,,,,,,,,,,,,,,,,,,,,,,,,,,,,,,,,,,,,,,,,,,,,,,,,,,,,,,,,,,,,,,,,,,,,,,,,,,,,,,,,,,,,,,,,,,,,,,,,,,,,,,,,,,,,,,,,,,,,,,,,,,,,,,,
Generación Bruta de CFE mas PIE´s por Entidad Federativa,,,,,,,,,,,,,,,,,,,,,,,,,,,,,,,,,,,,,,,,,,,,,,,,,,,,,,,,,,,,,,,,,,,,,,,,,,,,,,,,,,,,,,,,,,,,,,,,,,,,,,,,,,,,,,,,,,,,,,,,,,,,,,,,,,,,,,,,,,,,,,,,,,,,,,,,,,,,,,,,,,,,,,,,,,,,,,,,,,,,,,,,,,,,,,,,,,,,,,,,,,,,,,,,,,,,,,,,,,,,,,,,,,,,,,,,,,,,,,,,,,,,,,,,,,,,,,,,,,,,,,,,,,,,,,,,,,,,,,,
(megawatts-hora),,,,,,,,,,,,,,,,,,,,,,,,,,,,,,,,,,,,,,,,,,,,,,,,,,,,,,,,,,,,,,,,,,,,,,,,,,,,,,,,,,,,,,,,,,,,,,,,,,,,,,,,,,,,,,,,,,,,,,,,,,,,,,,,,,,,,,,,,,,,,,,,,,,,,,,,,,,,,,,,,,,,,,,,,,,,,,,,,,,,,,,,,,,,,,,,,,,,,,,,,,,,,,,,,,,,,,,,,,,,,,,,,,,,,,,,,,,,,,,,,,,,,,,,,,,,,,,,,,,,,,,,,,,,,,,,,,,,,,,
,,,,,,,,,,,,,,,,,,,,,,,,,,,,,,,,,,,,,,,,,,,,,,,,,,,,,,,,,,,,,,,,,,,,,,,,,,,,,,,,,,,,,,,,,,,,,,,,,,,,,,,,,,,,,,,,,,,,,,,,,,,,,,,,,,,,,,,,,,,,,,,,,,,,,,,,,,,,,,,,,,,,,,,,,,,,,,,,,,,,,,,,,,,,,,,,,,,,,,,,,,,,,,,,,,,,,,,,,,,,,,,,,,,,,,,,,,,,,,,,,,,,,,,,,,,,,,,,,,,,,,,,,,,,,,,,,,,,,,,
,ENE/2002,FEB/2002,MAR/2002,ABR/2002,MAY/2002,JUN/2002,JUL/2002,AGO/2002,SEP/2002,OCT/2002,NOV/2002,DIC/2002,ENE/2003,FEB/2003,MAR/2003,ABR/2003,MAY/2003,JUN/2003,JUL/2003,AGO/2003,SEP/2003,OCT/2003,NOV/2003,DIC/2003,ENE/2004,FEB/2004,MAR/2004,ABR/2004,MAY/2004,JUN/2004,JUL/2004,AGO/2004,SEP/2004,OCT/2004,NOV/2004,DIC/2004,ENE/2005,FEB/2005,MAR/2005,ABR/2005,MAY/2005,JUN/2005,JUL/2005,AGO/2005,SEP/2005,OCT/2005,NOV/2005,DIC/2005,ENE/2006,FEB/2006,MAR/2006,ABR/2006,MAY/2006,JUN/2006,JUL/2006,AGO/2006,SEP/2006,OCT/2006,NOV/2006,DIC/2006,ENE/2007,FEB/2007,MAR/2007,ABR/2007,MAY/2007,JUN/2007,JUL/2007,AGO/2007,SEP/2007,OCT/2007,NOV/2007,DIC/2007,ENE/2008,FEB/2008,MAR/2008,ABR/2008,MAY/2008,JUN/2008,JUL/2008,AGO/2008,SEP/2008,OCT/2008,NOV/2008,DIC/2008,ENE/2009,FEB/2009,MAR/2009,ABR/2009,MAY/2009,JUN/2009,JUL/2009,AGO/2009,SEP/2009,OCT/2009,NOV/2009,DIC/2009,ENE/2010,FEB/2010,MAR/2010,ABR/2010,MAY/2010,JUN/2010,JUL/2010,AGO/2010,SEP/2010,OCT/2010,NOV/2010,DIC/2010,ENE/2011,FEB/2011,MAR/2011,ABR/2011,MAY/2011,JUN/2011,JUL/2011,AGO/2011,SEP/2011,OCT/2011,NOV/2011,DIC/2011,ENE/2012,FEB/2012,MAR/2012,ABR/2012,MAY/2012,JUN/2012,JUL/2012,AGO/2012,SEP/2012,OCT/2012,NOV/2012,DIC/2012,ENE/2013,FEB/2013,MAR/2013,ABR/2013,MAY/2013,JUN/2013,JUL/2013,AGO/2013,SEP/2013,OCT/2013,NOV/2013,DIC/2013,ENE/2014,FEB/2014,MAR/2014,ABR/2014,MAY/2014,JUN/2014,JUL/2014,AGO/2014,SEP/2014,OCT/2014,NOV/2014,DIC/2014,ENE/2015,FEB/2015,MAR/2015,ABR/2015,MAY/2015,JUN/2015,JUL/2015,AGO/2015,SEP/2015,OCT/2015,NOV/2015,DIC/2015,ENE/2016,FEB/2016,MAR/2016,ABR/2016,MAY/2016,JUN/2016,JUL/2016,AGO/2016,SEP/2016,OCT/2016,NOV/2016,DIC/2016,ENE/2017,FEB/2017,MAR/2017,ABR/2017,MAY/2017,JUN/2017,JUL/2017,AGO/2017,SEP/2017,OCT/2017,NOV/2017,DIC/2017,ENE/2018,FEB/2018,MAR/2018,ABR/2018,MAY/2018,JUN/2018,JUL/2018,AGO/2018,SEP/2018,OCT/2018,NOV/2018,DIC/2018,ENE/2019,FEB/2019,MAR/2019,ABR/2019,MAY/2019,JUN/2019,JUL/2019,AGO/2019,SEP/2019,OCT/2019,NOV/2019,DIC/2019,ENE/2020,FEB/2020,MAR/2020,ABR/2020,MAY/2020,JUN/2020,JUL/2020,AGO/2020,SEP/2020,OCT/2020,NOV/2020,DIC/2020,ENE/2021,FEB/2021,MAR/2021,ABR/2021,MAY/2021,JUN/2021,JUL/2021,AGO/2021,SEP/2021,OCT/2021,NOV/2021,DIC/2021,ENE/2022,FEB/2022,MAR/2022,ABR/2022,MAY/2022,JUN/2022,JUL/2022,AGO/2022,SEP/2022,OCT/2022,NOV/2022,DIC/2022,ENE/2023,FEB/2023,MAR/2023,ABR/2023,MAY/2023,JUN/2023,JUL/2023,AGO/2023,SEP/2023,OCT/2023,NOV/2023,DIC/2023,ENE/2024,FEB/2024,MAR/2024,ABR/2024,MAY/2024,JUN/2024,JUL/2024,AGO/2024,SEP/2024,OCT/2024,NOV/2024,DIC/2024,ENE/2025,FEB/2025,MAR/2025
,,,,,,,,,,,,,,,,,,,,,,,,,,,,,,,,,,,,,,,,,,,,,,,,,,,,,,,,,,,,,,,,,,,,,,,,,,,,,,,,,,,,,,,,,,,,,,,,,,,,,,,,,,,,,,,,,,,,,,,,,,,,,,,,,,,,,,,,,,,,,,,,,,,,,,,,,,,,,,,,,,,,,,,,,,,,,,,,,,,,,,,,,,,,,,,,,,,,,,,,,,,,,,,,,,,,,,,,,,,,,,,,,,,,,,,,,,,,,,,,,,,,,,,,,,,,,,,,,,,,,,,,,,,,,,,,,,,,,,,
Total,15676720.549,14335773.052,16075959.587,16843034.929,18125059.588,17646380.497,17819401.563,18329844.456,17129323.011,17202489.761,15477308.513,15701000.319,15964122.452,14861147.341,17045175.564,16451059.929,18495378.439,17850337.105,18279429.317,18189458.294,16966790.568,16922372.817,15713521.857,15856757.006,15948433.863,15087062.082,17270864.745,16542988.918,18052435.045,18122018.002,18757854.783,18991553.666,17664217.703,17847342.437,16258573.637,16475532.753,16498369.800,15577533.100,17328905.940,18013164.310,19043406.460,19636402.140,19747029.100,19654317.000,19001532.900,18446725.270,17095312.730,17116079.320,17277980.739,16160277.444,18566620.777,18023323.158,19772212.433,20001997.680,20280085.245,20265420.777,18976703.847,19105510.834,17558004.691,17575373.911,18035034.585,16404432.215,19218710.273,18234896.637,20397600.442,20550472.469,20772986.390,21131572.960,19857662.474,19915606.485,18237474.708,18170189.289,18501551.444,17913882.193,18978377.910,19915427.860,21300754.326,21272650.537,20976170.713,21310674.811,19621740.039,19495224.322,17560990.808,17248847.499,17503529.050,16351190.880,18800177.490,18606123.970,20294424.740,20733224.490,22079729.240,22200642.680,20300710.990,20302722.550,17979438.100,18319723.560,18312456.325,16531140.991,19284173.077,19528763.016,21814996.658,22296827.646,21838669.783,22738800.526,21286167.734,20386534.952,18728073.381,18744290.745,19308022.360,18101256.185,21209212.066,21338971.949,23229078.450,23476260.442,23421389.869,24405378.604,22621766.139,21539044.297,19658014.755,18523997.148,19864919.406,18923771.619,21381293.338,21053860.091,23977892.355,23934998.619,23433441.677,24447819.467,22511922.467,21958856.417,19556074.468,19452982.202,19778173.753,18530377.713,20330378.187,21728923.566,23216534.994,23737893.671,23727307.620,24520036.877,22097893.460,21712529.235,19385535.539,19094522.403,19155014.955,18415304.038,21294727.987,21365300.462,23056256.336,23950644.999,24098958.122,24358486.807,22387179.584,22050810.295,19062741.046,19060349.690,19424558.089,18128966.279,20771248.057,21653903.161,23199865.074,23427437.403,24216085.514,25151024.403,23625524.203,22541954.906,19559958.093,19109053.002,18928431.799,18649019.700,20902198.663,22241534.379,24226008.233,24374455.512,24879650.060,24483842.020,22911710.787,22159238.235,19278550.488,18699761.566,18934350.337,17874825.076,20894857.586,21124216.775,23893683.756,24354523.732,23687641.517,24764988.532,22381106.705,21689612.185,19486491.926,18330948.148,18819184.608,18402846.882,20942746.164,21246890.391,24147864.010,24350220.537,24597923.625,24751272.103,22694188.612,21508538.957,19376021.860,17847094.704,18227422.327,18204025.896,20248229.647,20282214.026,23332850.913,23511318.494,24011948.285,24960826.447,22060471.453,20674652.368,17785278.453,17095334.031,17658364.197,16845538.217,19151628.622,17119535.621,18669410.538,19912470.133,21323040.100,22210538.878,20024508.027,19567687.265,16591101.922,15499676.349,15690027.527,15628088.826,17290102.788,18373046.647,20518504.812,21509554.708,21005836.400,21370262.266,20543680.404,19540509.092,15898538.762,16795331.884,17240848.358,16242572.646,18353106.507,19712912.561,22796557.000,22285167.000,22872447.000,22790295.000,20833774.000,19664377.000,17584602.000,17716411.000,18647586.000,16724661.000,19931708.000,19986181.000,22549702.000,24532622.000,24943516.000,25128325.000,23651572.000,21589277.650,18168085.790,17352166.000,18549865.775,17366306.111,19698234.307,20525533.049,25238765.486,24763376.430,24390753.546,25129256.452,23618783.609,21726948.415,18909863.553,17845719.719,19132326.828,18084375.925,20303549.211
Baja California,664241.900,590543.420,645721.460,684487.630,767037.110,891160.240,944762.700,912793.440,856155.540,755818.390,731388.688,716690.162,746678.847,694295.303,750729.416,753794.330,820470.089,915659.608,1094931.377,1096384.168,990914.022,950147.194,831598.580,887259.794,845069.101,805079.828,874933.335,798762.798,903310.890,949964.482,1098433.742,1109323.308,999283.780,928393.067,843140.405,808540.917,820646.250,795704.870,879358.080,897725.800,941408.640,972730.180,1167067.760,1173942.100,1043592.430,963585.210,881559.630,866568.080,824982.686,737252.215,848588.006,793300.157,912601.224,1022166.465,1104786.387,1100155.415,1022632.963,951600.075,911880.225,911335.404,929447.342,810578.842,895077.877,872055.540,974717.284,1019667.659,1187564.147,1224985.752,1049147.001,950321.148,938657.770,943418.912,930138.356,867605.754,914686.010,870898.598,956892.384,1121162.747,1175380.090,1206796.853,1087899.897,964080.071,848312.673,854631.432,871240.120,779656.060,847928.190,812683.170,929430.180,982607.130,1251856.760,1231583.370,1143220.820,934575.750,844431.100,849788.490,873193.999,793243.355,871591.088,785727.001,870490.271,1018504.823,1210946.175,1214077.891,1084907.635,940333.298,865317.360,866979.811,866958.701,791695.350,869045.354,821249.244,894858.889,1024233.359,1245806.020,1309745.010,1114674.112,944890.923,859450.862,865826.200,871969.673,836216.079,883788.375,863017.960,1019960.954,1127504.580,1220960.520,1295617.400,1185515.569,988289.320,854114.858,846762.114,863321.265,764320.461,904909.251,917783.837,996449.072,1185100.284,1324097.119,1293681.368,1157205.892,944845.517,852777.997,883771.639,907941.756,811641.005,888584.015,890763.824,1014564.890,1173598.469,1350004.285,1317867.124,1234712.844,1005710.267,873184.215,897789.320,901812.098,828750.999,953253.733,924415.741,957720.713,1175317.800,1303651.949,1423024.316,1272997.265,1109327.564,929464.033,894666.721,917113.689,836340.680,933855.982,940983.742,1014055.186,1257774.972,1321803.917,1303752.212,1101895.306,1048543.620,908089.851,865976.765,878507.075,804441.400,943976.124,963257.527,1004699.629,1122626.557,1331424.916,1345083.601,1073796.429,912368.056,841532.699,776884.359,798516.397,709286.219,790740.263,886051.525,1001921.817,1184829.395,1360409.586,1368931.834,1235033.334,937370.952,827773.871,859552.900,893326.856,811829.778,919450.329,863774.201,923567.858,1135238.168,1305504.938,1322638.488,1162080.047,916528.553,789729.982,849414.521,927680.571,795614.094,811570.670,751511.297,1005051.701,1067760.458,1212355.224,1244549.695,1083158.520,1104939.618,803792.403,841860.260,848837.620,805857.102,862664.223,996947.070,1014972.861,1103304.345,1246602.741,1149805.213,1020363.399,995425.634,889775.111,934548.850,932553.117,823069.595,913229.732,899580.425,1024678.000,1215040.000,1319256.000,1304581.000,1191607.000,1129791.000,901370.000,1053420.000,993040.000,885962.000,1046890.000,1042258.000,1077775.000,1059229.000,1365481.000,1341058.000,1138421.000,1071232.710,888267.350,893583.000,976341.498,952249.551,867506.956,904406.268,1075213.965,1408373.350,1587538.383,1538398.720,1350721.626,1144335.565,864615.910,903674.365,864595.989,811768.193,1001343.599
Baja California Sur,86224.830,77949.080,89429.070,93755.350,112397.330,107802.920,126852.510,133987.150,129182.450,116830.100,100273.690,91800.840,91332.240,80888.090,93739.790,96529.120,111664.200,112538.459,136078.717,138840.305,120147.234,132569.632,108321.373,101294.639,91573.600,88076.493,104946.916,103139.749,120059.023,128211.176,145518.500,156693.707,138737.737,132717.156,108202.109,108727.554,99113.580,89393.960,108156.580,114013.900,123461.960,125126.290,154914.710,170413.250,168558.840,147092.780,127722.030,119152.900,110318.130,101106.580,115105.660,118584.390,134729.810,154301.200,173638.200,179002.560,146630.780,164739.500,140290.420,126826.860,115977.110,110402.220,132347.740,127608.440,143999.520,165681.590,182965.670,202192.370,184341.670,179600.670,149307.110,135180.160,136159.120,128116.310,142507.150,149413.140,162306.390,175691.370,212527.000,215593.450,204680.980,199991.930,167276.400,157129.680,147105.950,134766.930,156312.560,150627.360,169646.740,184895.110,226273.250,232728.270,193001.470,184131.910,159122.350,151856.060,146750.596,134343.163,154825.632,157132.166,174237.376,182505.867,206635.308,233762.060,219483.111,194422.821,164254.371,166318.360,154103.140,140202.702,164280.054,163377.749,180132.973,191166.463,223292.798,243157.998,233711.965,221866.998,169904.286,163641.451,161856.317,150125.598,167825.559,169573.184,188909.457,196685.126,228508.028,241639.005,207281.042,186944.422,204030.718,175376.944,161252.549,150951.482,175222.790,174260.859,193889.293,208427.692,241711.524,257083.717,228747.802,217358.494,183480.076,174861.560,170792.828,159641.735,183328.568,183120.045,213702.176,240671.357,263718.512,264748.424,162760.782,164866.115,125861.119,148506.926,158986.320,150295.975,168998.599,178077.118,194203.530,209146.557,223721.946,238921.315,221090.183,213900.955,194722.745,180784.439,170517.523,171097.810,187580.565,180167.479,200321.641,210223.671,253598.224,256515.067,230269.249,239031.225,211831.773,187101.442,176185.751,159924.095,190466.244,193766.463,202423.195,206226.423,240072.119,262663.247,209833.313,230752.541,195316.519,175690.388,179556.983,165481.600,192676.783,189731.932,217513.126,217502.572,282343.429,275935.234,257582.078,227834.238,193356.046,184939.523,184634.577,165632.809,186090.693,187815.748,183458.032,220641.452,262401.770,271288.109,246440.326,225886.328,190042.398,183381.996,187335.689,179254.641,187446.516,157338.363,174782.939,197261.500,256477.937,267551.583,264331.400,240552.926,179821.605,159818.566,169992.749,149549.681,173976.168,174852.555,197509.441,212683.524,310343.867,287110.199,254727.014,253112.350,202347.657,199121.117,185662.401,159736.606,173419.545,178626.091,207085.000,240433.000,295329.000,297241.000,251120.000,232025.000,171131.000,171892.000,168127.000,150200.000,176615.000,169734.000,189670.000,252148.000,314463.000,306092.000,298707.000,231866.700,190317.380,172345.000,171615.072,175831.256,192694.105,180836.058,201140.937,187686.655,256828.970,280211.512,241820.086,230454.658,158559.623,201059.100,180408.801,152612.501,172922.976
Campeche,76296.240,47930.930,59540.090,66002.160,74046.680,86886.690,81473.810,79672.780,63001.900,57248.900,61040.990,61648.104,52338.896,70544.530,123649.778,90607.896,148773.850,237047.671,240620.564,243757.827,161861.624,235997.767,204159.631,199872.418,213542.372,164318.202,234741.596,229176.172,246536.009,235410.271,241339.528,257452.484,170629.254,112516.455,210692.712,195642.502,218720.020,211890.540,199603.700,215026.280,216516.320,222677.280,190783.870,204973.290,209911.860,183579.210,162128.200,203970.390,227649.014,212940.868,242900.996,222053.443,189553.839,198894.581,193083.228,197705.279,184045.396,93205.312,179533.459,201811.970,169547.073,152463.389,181407.382,176572.538,194050.538,191984.588,202874.533,189894.260,168805.878,190653.480,150493.336,103486.384,185699.144,194966.579,188807.686,165557.015,196552.326,179251.784,216994.776,185785.341,183470.459,197050.559,194692.664,184244.520,218993.470,198618.880,47590.780,48823.220,60403.520,69666.020,71002.340,71140.530,89519.850,226174.490,201978.340,201220.530,165070.194,159231.859,169055.224,202966.830,237341.914,212726.927,226199.746,222366.315,128234.180,104712.091,97295.610,45065.619,144713.145,137637.704,105959.472,177393.252,178135.940,148346.417,136103.925,196759.053,153651.619,138341.443,110075.421,50540.935,114071.784,134656.410,174458.866,138946.821,84144.343,108983.590,83311.735,160767.789,134726.511,139858.604,138781.010,111085.502,134351.708,127446.949,137532.278,121773.917,128541.228,83863.675,150221.059,173353.648,124556.849,119268.713,94494.087,66363.404,61653.229,141737.084,113130.863,69498.979,113475.218,119097.491,82578.568,123392.963,93980.730,131669.927,121452.723,107010.031,106084.167,126493.799,93508.683,68048.134,58245.751,31921.932,56132.900,98897.215,46199.087,89638.881,97919.351,74282.826,57703.620,158574.849,103553.035,86714.048,80414.662,144527.698,180563.170,89180.453,54361.619,99314.569,57524.958,103659.342,60408.121,47572.346,87758.334,100213.499,82409.628,71751.576,44429.644,66191.284,76427.763,40254.155,25063.441,15130.606,14585.532,20219.557,48815.636,48757.765,115453.965,103493.832,125343.289,118925.327,98159.489,114163.674,131203.448,54008.436,24074.822,83970.277,88197.824,129693.709,118094.351,111886.074,98557.890,111007.910,113742.076,41792.423,82111.831,122744.795,115084.064,33934.816,36404.822,50799.976,48810.901,10459.694,2982.229,9142.079,11248.795,18153.472,24308.426,4134.364,4425.526,46720.081,7129.478,66857.802,103847.184,116746.437,65554.622,53960.922,44375.323,76201.684,5606.739,424.821,3078.549,18988.021,28458.881,23756.688,85091.000,26882.000,35036.000,30060.000,23501.000,39264.000,35544.000,15143.000,9006.000,22294.000,115516.000,65657.000,80835.000,112739.000,101882.000,105907.000,127542.000,81638.530,22890.350,26229.000,37534.995,27808.879,52777.294,94307.789,185782.536,132302.235,137918.359,123985.935,137584.396,115567.286,97824.310,32584.941,303.309,95407.067,90467.451
Chiapas,1187596.010,1007405.730,998068.150,1000174.170,1149452.490,1102658.840,928740.170,882173.760,741144.270,1088014.160,675760.720,571381.910,703726.441,640820.506,596537.844,629537.713,813084.522,319031.953,305475.929,280813.299,457555.271,438505.118,263932.178,300964.938,233309.063,202270.660,561385.200,897882.776,1115816.651,919414.627,911250.460,884725.823,641559.395,525085.253,713114.855,636649.465,456931.580,528953.660,474266.070,753184.500,785564.640,721242.770,1091058.120,1478787.300,1309618.910,2149595.270,1317324.510,1241710.140,1108882.470,964600.600,1698919.880,1453983.590,1713886.290,1637290.150,1540524.540,1663976.490,1596425.060,970032.710,1070514.740,858527.950,704704.650,757517.570,1118594.850,984927.430,791111.990,701578.300,725333.380,569218.740,941344.080,912796.260,158767.520,187389.010,284671.760,217764.080,1112840.640,2433203.130,2531842.480,1893622.440,1781794.970,2022689.730,2083614.880,1667009.310,1407917.620,1094277.260,967734.470,993469.350,1220272.770,1335231.000,1003447.340,1153349.300,1297842.270,1172153.330,925560.630,839554.530,406314.900,441055.800,393936.779,330771.702,554123.915,518394.935,626160.759,1013767.752,1730302.593,1908452.973,3060212.399,2640421.729,1955462.810,1152525.351,1297907.446,1228597.540,1366037.324,1505204.804,1534464.400,1432121.691,1418579.056,1721299.675,2078389.827,2131434.542,1831630.992,1582352.215,1576934.847,1561327.224,1624910.748,1628827.831,1901932.203,1659527.949,1310406.813,1708454.066,1181108.880,1035099.634,776165.092,833669.669,374511.618,468089.806,605348.016,946122.890,857281.592,955687.859,1181951.754,1199763.438,1428162.185,1537339.371,1181414.585,1104266.709,1472591.931,1715060.964,1855700.359,1713997.230,1592531.459,1853039.124,2189779.710,1637824.032,1067880.212,856981.567,945609.412,1053594.812,856288.588,918142.978,1137464.094,1651102.681,1929704.746,1348077.313,698033.110,610782.275,766638.783,559654.937,432807.762,443460.637,461256.522,740950.566,1148531.309,1395016.837,1523073.367,1156368.662,1034308.282,1164388.095,816999.865,464756.174,230049.237,304917.137,278500.123,537263.786,724285.651,1031005.109,1628753.191,1724404.970,974821.135,960859.589,915951.341,768962.133,897493.636,505632.417,638792.114,683343.425,997672.603,1288227.359,2030324.266,2019672.694,1360502.940,992697.483,567554.718,492031.300,312055.740,261646.828,248989.121,302976.485,275280.888,575252.113,1054976.330,910082.126,958078.085,964048.660,605698.627,504046.586,382494.548,296458.416,319708.123,281260.574,404804.595,641099.540,1076454.357,1171340.566,1444609.954,1295927.313,939614.037,784577.283,672903.640,812828.737,1128996.797,1071017.687,1429136.343,1756327.116,1738744.044,1416046.827,1212708.043,963165.507,838557.881,813973.789,789574.353,687608.878,584004.969,487862.651,815168.077,1081043.379,1713078.000,1965197.000,1231432.000,1718993.000,1508031.000,1846032.000,1752250.000,1041587.000,595852.000,437834.000,649289.000,916126.000,1042963.000,1258211.000,927725.000,972429.000,1038339.000,862566.980,433084.070,307291.000,369472.400,338360.469,498260.453,778653.708,1253288.126,1110542.701,703303.311,650651.509,705733.717,593466.380,665451.065,489507.248,515602.616,525206.442,829008.575
Chihuahua,846701.800,744270.070,860779.930,819578.800,994225.880,978423.550,900764.910,1036186.400,970016.170,831017.070,691427.070,715608.930,682920.769,626503.323,754065.480,739601.954,975213.214,961601.089,1058192.333,1043736.734,893101.440,847843.116,756680.287,743753.372,730992.713,681274.331,843159.991,761555.351,984442.493,1083231.478,1130491.823,1087105.998,994433.185,818042.451,725398.966,754274.807,836891.920,756232.140,848479.460,799843.220,976434.300,934512.150,984892.010,1009283.370,882206.170,838453.700,694316.160,764209.730,786685.354,743418.497,874274.746,806957.860,1055386.343,1068578.948,1082172.625,975433.943,884104.307,897260.895,787273.330,786437.736,798227.781,707089.162,868410.715,866621.736,1118607.259,1182335.646,1182308.675,1120553.525,1022047.796,1035049.364,980926.265,928089.933,979146.706,1005858.776,1023110.228,925590.821,927400.210,1083220.647,1086644.829,1008400.814,935830.013,1053997.499,1017853.072,940338.004,961911.660,894130.490,991668.440,939769.240,1076793.100,1092263.300,1178612.670,1260268.650,1001997.020,1007329.790,901192.810,934538.710,926725.256,885948.430,966311.298,978489.597,1148343.765,1155269.223,1142555.710,1157667.101,994337.862,911142.465,897179.154,957928.163,1010929.883,730170.953,999437.196,968431.086,1239911.761,1214714.529,1218409.383,1243086.758,1163450.103,1176235.173,1070588.546,1013057.297,1022242.998,1024222.307,1084942.059,974294.372,1207634.962,1300654.414,1295898.339,1357951.801,1253782.561,1142112.505,826178.916,910691.977,991904.208,941785.592,1092336.270,1263408.181,1310785.241,1296313.947,1185471.985,1349968.078,1163382.508,1160406.200,1023831.817,1070151.007,1129576.982,983699.950,1150045.543,1324228.796,1383135.688,1471147.955,1470233.614,1470764.704,1415442.279,1321734.946,1202185.715,1189131.251,1112294.224,1129658.769,1198330.109,1208140.905,1359204.237,1464469.622,1459525.903,1558308.450,1373544.814,1190041.818,1153669.755,1221092.220,1198181.537,1191440.038,1181950.870,1345321.884,1510104.234,1468679.801,1487175.523,1429456.556,1407627.862,1399090.966,1239988.302,1200454.226,1184810.367,1052353.971,1324850.593,1277362.979,1315710.851,1255501.164,1331552.822,1125714.301,1135245.608,1128838.937,1188864.985,1100757.055,1132042.050,1059461.189,1237840.646,1153436.744,1203189.833,1378512.508,1415904.330,1382632.855,1406243.709,1380250.824,1154988.622,1154156.878,1273128.129,1268835.748,1336644.939,1405163.532,1610887.768,1524658.309,1526418.015,1559334.079,1290788.856,1283517.302,1107509.408,1110520.437,1266605.296,1160487.735,1290328.414,1233068.699,1238463.091,1677132.201,1810433.963,1922075.713,1693575.633,1459612.440,1117161.108,1080675.918,972732.556,829528.371,1242507.296,1399797.870,1509162.726,1770459.918,1669594.122,1646158.317,1534688.433,1200982.972,1141446.248,1249787.494,1281856.455,1023927.220,1405285.226,1619478.004,1804199.000,1879128.000,1913086.000,1746887.000,1602990.000,1367719.000,1158350.000,1300755.000,1482353.000,1314367.000,1500873.000,1510921.000,1772043.000,1946027.000,2046495.000,2068030.000,1957390.000,1544587.550,1342826.630,1286120.000,1433243.389,1384901.412,1524918.163,1670259.240,1793940.957,1837279.488,1889434.936,1889594.890,1728785.591,1697671.201,1294261.085,1259953.366,1415064.976,1328529.805,1553007.403
Coahuila,1363737.184,1391602.072,1587303.286,1566796.794,1503646.537,1578469.902,1640278.828,1525784.747,1476305.718,1586145.501,1450354.677,1357405.764,1573390.325,1341643.973,1545449.251,1553294.122,1775151.061,1702180.518,1574344.938,1661754.098,1284095.274,1359892.764,1223402.020,1443962.576,1620923.696,1606714.445,1788541.930,1665354.137,1721434.428,1761629.726,1701877.679,1642574.772,1438131.244,1314408.593,1436160.214,1503445.698,1440510.890,1388450.670,1782210.910,1681346.740,1900674.360,1793308.830,1782972.120,1642230.960,1664822.670,1554420.340,1638592.340,1639313.730,1474073.380,1526420.244,1562463.990,1676367.005,1711294.072,1694306.345,1733945.829,1659165.628,1426216.796,1664424.576,1650458.797,1877295.255,1800650.554,1588093.028,1673894.789,1651505.558,1717657.004,1756715.456,1720991.812,1766261.787,1441941.340,1639979.660,1464269.031,1594073.032,1723759.038,1467443.690,1429313.978,1552617.656,1731091.625,1596717.690,1648292.293,1577611.519,1546133.748,1796142.310,1756081.924,1868917.243,1704740.910,1228997.410,1741970.300,1334847.700,1534230.020,1661434.960,1816008.150,1773864.850,1439357.990,1476425.540,1411302.600,1635703.620,1738171.281,1756235.316,1670101.867,1301843.172,1390632.097,1642775.123,1383083.705,1803653.678,1542074.705,1281725.144,1215974.854,1379314.305,1536821.997,1530724.299,1765998.207,1651307.876,1759788.954,1898471.862,1921182.944,1979987.983,1697538.728,1621356.359,1441837.574,1408790.548,1365760.437,1509296.453,1567606.049,1700824.327,1723892.768,1893095.492,1892681.266,1906054.405,1713261.759,1655067.174,1398386.288,1343215.058,1556520.994,1368546.124,1494127.482,1480223.180,1489044.341,1647768.281,1802681.627,1891082.585,1464469.356,1373884.840,1192906.155,1252867.354,1385879.362,1454898.078,1712536.611,1731093.906,1853931.042,1819676.895,1876629.934,1909714.007,1550112.646,1338913.569,1346976.355,1308768.089,1479668.222,1415858.827,1517123.253,1568551.236,1480457.466,1561122.620,1614261.626,1701393.086,1836328.500,1860639.095,1616520.691,1533649.371,1607642.010,1592612.465,1690441.077,1479728.204,1820006.714,1768579.362,1672331.996,1570641.197,1318578.330,1320306.983,1218084.209,1203447.979,1308939.990,1178079.327,1064477.670,1299937.636,1393936.844,1354658.220,1374500.197,1322494.882,1163051.634,1106946.620,910481.503,950036.477,1169983.399,994363.905,1167490.485,1206656.602,1188704.865,1244334.745,1366277.872,1502001.523,1259176.013,1186840.506,1028353.415,698146.916,571664.093,920905.232,978818.523,919149.108,1013518.975,961353.201,1079278.273,1185057.264,1039462.761,687371.850,617759.853,615818.926,525622.934,479436.888,617120.366,569158.315,548735.532,533911.453,444648.789,321256.539,347712.460,463968.662,668949.211,779034.266,726500.414,547251.355,470952.150,410158.127,388031.698,589514.963,395901.949,402763.089,370290.470,613363.075,416072.194,378765.431,515303.397,490494.447,477148.553,511701.359,456007.000,466549.000,555664.000,553692.000,388335.000,396877.000,368642.000,315654.000,401548.000,380378.000,480508.000,459103.000,447223.000,475945.000,444389.000,446460.000,422900.000,431568.410,367777.230,412122.000,481105.588,357068.341,351631.974,391793.537,610462.938,591403.545,620140.617,669106.349,363960.253,399956.087,399971.066,380819.371,384972.621,334896.583,326432.376
Colima,912272.630,854429.120,1156995.780,1126554.410,1010681.040,970977.310,1080319.840,982437.300,641429.450,837768.140,1019118.800,890738.390,550951.660,658448.021,1080245.029,1092610.888,1144807.772,1105771.742,988218.162,969288.062,709271.556,727633.188,628946.430,785348.159,867695.554,924955.766,959623.642,856138.376,953502.689,525614.176,527484.157,783303.944,748324.015,775841.793,736149.583,766008.077,585835.820,531433.520,783958.000,1092640.820,992890.230,963472.120,859739.080,858474.360,960493.250,864267.980,839433.860,845003.930,903303.840,831947.110,811908.730,781470.260,721750.070,643816.600,660324.200,358545.150,457063.790,623984.980,653333.670,553225.480,627828.060,668914.720,942804.260,812561.480,958263.740,864827.180,794981.910,536749.360,490699.830,523017.500,634312.260,551102.060,822854.530,910092.800,937654.740,890817.740,997536.980,923504.900,602141.910,565008.580,392331.640,430624.560,401107.490,438116.530,458546.660,434523.230,505605.620,565322.760,725419.650,636099.970,663865.100,882883.070,586277.850,637206.590,573992.650,621508.020,587356.354,282798.374,509177.180,638273.523,650745.031,753977.447,507817.658,384630.911,397717.762,415330.438,359945.869,383002.043,346737.519,368742.916,547866.513,696973.559,831228.337,787038.393,712467.917,807366.804,730976.886,746220.180,566805.390,506945.256,638525.395,527984.669,682343.148,750692.361,1225336.481,865049.257,913252.946,998054.851,969215.627,951933.977,776466.612,570504.197,551447.044,786254.910,996785.060,1040993.554,1142100.574,1024379.148,948026.259,1008296.101,1297543.663,923668.153,831534.432,887057.530,1048544.765,1142942.306,1057915.924,1238811.063,1126452.124,1174154.349,1042173.743,1050343.819,844271.758,1259696.765,752760.388,782359.199,946697.658,1159523.212,1461438.116,1045911.391,1035703.491,1017445.009,1018145.009,1286811.449,1231961.242,1167975.884,1210511.746,1401818.211,1280688.351,872516.549,1437263.534,1439235.534,1327720.098,1155726.251,1120479.230,1018170.068,922453.523,1046984.221,862053.217,945278.312,958987.933,931150.804,928705.801,989342.686,1417789.699,1376754.444,1530456.724,1602946.664,1384023.725,1135263.113,1053458.451,1156388.281,971449.669,1016655.465,1145735.053,1308135.346,1490235.437,1598642.948,1367329.583,1710041.790,1351171.738,1091448.967,1020245.796,963256.425,1032744.674,1183987.048,1255189.717,1490924.654,1577876.544,1530282.924,1417516.746,1628048.071,1231914.736,1316499.725,857907.938,1043858.133,894754.513,945938.300,837492.515,814761.505,936672.491,977603.755,842896.491,1189446.703,888252.048,729866.457,619698.918,660463.218,729132.016,578359.682,641045.603,640343.931,916546.097,923581.622,864282.068,840225.741,751354.885,521504.099,502470.960,851403.810,571400.785,336453.619,378995.775,814940.564,847410.000,733741.000,653675.000,620764.000,352472.000,553138.000,565530.000,788393.000,793953.000,659133.000,881002.000,1173212.000,1266025.000,1314135.000,1357108.000,1324839.000,1351939.000,1056348.050,929143.230,825122.000,714118.474,991610.011,744578.966,1264771.960,1395004.283,1321364.580,1229834.578,1193052.935,1222037.094,1285146.206,1044375.084,1065586.939,974263.235,841200.706,1012163.371
Ciudad de México,9877.200,8381.200,8580.600,9136.300,7373.200,6012.200,6506.900,12732.900,21859.700,12915.700,17199.100,10894.300,1266.200,7080.400,3331.000,3356.400,7328.200,5986.200,4167.400,3956.400,3336.500,4956.900,8423.500,11138.300,9813.800,9126.200,10743.000,6696.900,9034.200,6719.700,5721.000,7475.300,5901.600,6959.700,10653.600,12941.500,6765.800,7604.500,7596.200,8727.000,8762.000,8536.100,9269.100,7577.600,8108.500,7905.600,9743.600,13217.600,11197.700,10551.000,10813.500,6684.000,5816.100,5438.700,6957.600,9049.500,9588.400,8745.200,7805.100,9743.500,2315.600,18.700,291.800,1076.600,797.200,280.500,1774.000,844.900,589.400,2291.300,2042.400,2532.700,10725.400,1459.200,4907.200,3253.100,524.200,543.800,747.800,0.000,1245.100,1093.500,2535.300,3879.000,714.000,516.200,1143.200,3055.700,2874.500,42.900,5913.900,16571.800,21579.000,58905.110,49977.880,48876.090,50609.438,27623.110,42435.623,65171.073,71399.840,72279.797,57187.817,44652.299,34207.220,52605.716,65372.000,70352.507,75289.949,63079.531,71965.293,68131.000,80836.000,71999.029,71851.000,72879.628,55123.000,73366.272,75333.000,76701.629,78258.370,68315.600,83412.000,81395.000,98209.850,102448.200,96624.000,90711.130,43049.153,64947.325,70949.000,66752.000,58593.000,46751.000,65238.000,90910.000,89606.120,92959.847,86793.486,104556.798,40286.000,58021.099,38094.000,26676.000,34935.151,16576.731,18893.000,26969.000,35979.540,34996.174,34474.495,39527.015,29174.832,41291.000,43807.000,39960.309,41683.000,39028.000,45186.000,74101.000,86667.406,108033.000,95355.000,96712.000,51713.810,41173.000,24648.000,15586.000,15165.000,18421.109,20729.187,17506.309,21078.186,25806.000,99828.000,105140.000,79511.000,76582.600,41016.200,49262.415,49810.500,44962.800,58329.200,68896.116,93150.330,93191.074,75571.600,98100.800,62145.400,69524.060,59401.400,41653.200,37564.197,62121.100,85865.400,83200.560,96104.500,95912.800,79798.856,98176.447,90793.958,98914.160,93299.736,82334.459,87548.534,82371.818,72032.950,66704.451,83200.799,72870.697,80120.442,103422.343,79879.363,81876.103,41395.158,22812.033,24684.753,16609.502,20637.033,6105.645,4420.415,11407.104,3854.716,6300.125,11422.731,17248.283,12142.376,15836.043,24216.624,50263.018,16772.302,21931.406,4626.547,1855.473,2700.437,15609.113,15899.535,35136.466,8843.819,13792.452,29643.658,10231.443,18528.825,26777.001,22811.000,9314.000,17519.000,17216.000,10141.000,17884.000,32356.000,7793.000,26379.000,29064.000,53722.000,64178.000,41909.000,57771.000,61826.000,56134.000,73916.000,59635.890,35378.520,32032.000,46326.040,31104.258,42904.845,48970.943,75636.676,80464.959,49524.854,36279.402,24531.129,17446.095,20835.202,5751.284,20001.609,14283.208,27339.139
Durango,247729.020,168514.140,242144.400,270071.380,306397.620,320472.980,312077.320,316081.300,295860.910,286787.380,246398.550,255029.080,183322.487,207756.519,263072.527,278171.100,294532.417,283671.279,291470.595,288774.725,248713.838,247550.276,209096.626,232238.735,270482.362,249962.111,283594.978,302806.318,360512.611,344713.654,316797.828,324846.919,250452.186,244604.199,219446.211,231342.124,253154.770,323793.370,358994.110,419741.550,472213.030,550135.100,488760.230,528989.890,513727.430,506357.050,441031.230,436318.920,404166.159,383238.214,437091.749,497378.561,568433.336,579064.230,597368.962,594511.743,545209.767,605188.690,504424.296,501388.402,410943.598,345632.482,492648.042,513164.580,552113.023,569686.894,617789.258,602831.500,537436.217,576163.503,579660.552,562879.206,437454.982,475691.172,472975.386,477064.608,579348.705,598478.187,548898.985,556728.344,461394.059,477818.682,425658.291,434654.366,423727.820,441792.340,479771.140,522983.380,547011.540,565015.700,605444.400,585039.780,530440.740,533959.650,463847.820,489795.860,457102.041,468282.916,534456.464,606067.976,664769.400,704135.012,712257.658,776795.417,699597.719,736245.629,763064.809,755943.986,568842.687,684287.767,864180.190,906230.311,749136.640,861845.763,864742.748,839693.203,821134.700,745331.846,695233.505,736901.286,737558.627,746827.144,718102.334,634386.735,756259.763,800185.732,819612.171,841865.497,684191.459,557618.116,661085.842,730893.870,741313.621,779220.696,807219.616,576077.216,772915.791,892308.481,878333.765,903774.466,763129.067,715438.230,635833.015,665944.264,540726.683,620568.581,748158.214,758603.102,840041.281,827458.721,833928.357,860770.930,820488.527,686955.013,749813.451,743869.002,740492.279,687041.605,768952.032,678870.858,725510.136,866788.635,817017.745,869476.678,877517.971,846582.641,713538.127,694518.316,673365.912,655636.244,722864.516,585351.918,766963.126,746220.947,842048.173,708912.391,787445.709,783046.110,732006.256,707636.874,598427.372,633799.080,852421.719,762959.330,816782.431,839183.515,829255.770,859977.925,806750.353,722701.936,673676.963,685291.887,650354.462,642070.877,695709.554,725648.393,813276.946,836322.104,893222.397,927991.721,870570.441,742444.149,711100.335,898235.636,1005801.425,954247.212,1226447.495,982461.939,1375330.132,1260556.527,1288504.517,1085186.397,984727.227,1053440.642,1003010.440,1120174.137,962628.247,1150565.301,1162330.984,1096185.130,1199294.717,1289231.493,1123500.440,1365617.585,1329994.239,1337142.447,1099611.328,1030096.454,602671.446,599552.636,610483.317,595460.382,667937.067,752210.237,703428.515,667923.594,587405.562,637209.281,596020.171,616228.097,1072017.621,1048297.731,1017449.265,957401.144,1088776.000,1116626.000,1289847.000,1202179.000,967608.000,640091.000,655645.000,1102806.000,1043942.000,923063.000,1186490.000,912072.000,1084059.000,1283035.000,1330731.000,1336907.000,1357276.000,1275796.520,1163833.090,1117084.000,618592.983,567701.018,729437.026,700182.860,850611.622,843583.209,879254.797,900345.756,813366.699,725878.073,678306.846,595246.357,603986.007,582857.109,577812.371
Estado de México,574852.760,464616.500,509070.140,516253.130,474407.120,495561.010,482834.870,525190.430,490187.750,462445.290,412059.000,461726.100,570876.477,441905.347,499824.004,444692.953,554258.484,609721.015,522018.903,525428.981,464499.190,511638.219,574088.507,590023.125,558453.839,466568.124,550442.771,472009.885,510569.928,381970.738,259870.012,358796.297,402283.606,436411.716,457879.986,530262.781,531776.220,403850.060,493821.320,222796.370,398093.330,550146.180,504356.040,455549.650,493529.780,482462.220,492170.440,514494.130,417225.130,389798.140,479187.180,518753.120,547513.130,520151.150,450641.640,436243.630,453186.610,534444.660,496048.890,552743.520,552692.750,538260.380,547122.360,428620.930,392012.670,405957.950,454765.490,553703.500,408954.510,603621.970,649500.170,579126.420,574827.300,539638.160,543699.720,493567.990,457158.050,578062.010,578575.490,536210.810,449900.250,643865.390,629634.880,576875.650,585952.120,559960.880,672476.910,739291.250,755003.880,663498.380,779972.710,694981.740,661653.330,629774.130,557096.010,637527.340,637860.423,579018.421,606767.559,544385.738,631715.024,594384.611,550772.902,588654.723,507760.984,401430.527,591984.703,636200.300,667525.806,644441.949,654067.477,612942.932,653282.489,616673.799,657731.961,503161.575,344068.807,460299.921,413662.210,334410.502,397285.090,426511.898,370981.485,362650.308,368129.580,429466.873,520076.071,564430.379,602518.857,604172.434,549252.675,570030.096,643488.584,588338.738,597707.436,625901.779,678085.053,644917.501,578858.654,565927.632,482956.332,484489.711,482479.843,408385.922,441916.365,390225.537,473732.778,539220.706,552736.321,460605.162,423193.477,536690.615,535562.636,606138.089,582682.267,572810.632,551641.759,499741.138,519518.965,410048.347,591687.408,587423.539,676649.129,622567.085,591329.268,610134.562,610423.587,606538.977,602557.860,544055.264,549708.661,350020.782,531826.650,600108.800,653972.448,586204.534,536818.513,519123.508,446750.794,443654.065,398359.238,459395.337,402237.596,355104.463,410991.601,520004.875,538502.344,663644.237,546914.728,575896.740,607628.846,605510.760,525520.919,486276.963,483538.249,434074.137,558203.149,343539.650,590221.362,451514.103,610279.939,548785.114,362059.701,306593.469,677339.965,583447.517,635368.049,626925.336,732812.298,809152.884,743661.749,753212.578,717036.484,650316.816,645034.071,680447.852,704446.899,353636.398,761166.057,590730.244,646928.044,610564.283,671187.709,643634.883,713401.228,654829.979,626437.011,682541.415,652576.321,597748.444,718059.024,654735.858,694039.764,758807.334,648942.518,655440.693,626329.747,621042.801,529885.214,606437.607,649868.341,588197.629,684130.783,620658.786,351424.000,275475.000,284692.000,634984.000,628464.000,568189.000,629284.000,564314.000,615618.000,392980.000,633258.000,599585.000,729385.000,832796.000,873935.000,769598.000,625897.000,738115.440,536530.850,588340.000,614111.371,647907.109,787959.166,731901.601,675131.234,847053.885,869347.610,804887.373,367437.779,740406.169,613317.197,621793.109,667614.117,689958.340,647506.589
Guanajuato,545964.624,461607.908,830094.272,817323.463,887200.059,895765.809,727890.857,787036.476,853011.551,784573.272,753165.105,768177.234,693964.796,512553.030,765368.487,683334.782,557579.012,769087.006,785469.161,797572.684,472817.080,527208.605,711380.563,712576.003,688261.157,667896.346,686226.215,588859.067,576482.791,684611.282,640907.504,715587.420,619266.327,674920.852,592276.581,671128.561,605362.560,524410.670,624095.570,546040.410,355477.570,492586.690,602942.790,598980.780,593445.610,537328.090,551552.100,626983.750,537136.702,463696.335,535876.404,586837.444,654183.941,708660.939,651853.239,782033.000,594108.427,650409.022,659452.394,617756.615,643399.377,607028.245,642404.335,567184.889,672258.585,673196.381,491696.060,536422.467,454161.013,562395.522,437786.800,419476.814,488830.230,494338.154,627828.870,600771.002,570529.646,395513.791,321515.349,441516.344,409255.062,425588.211,532311.752,452781.924,334419.300,319008.420,367707.360,423281.690,365665.770,346821.620,391622.120,477259.380,412258.120,361585.660,335247.410,333834.440,350427.435,313440.017,353467.326,343871.477,471410.524,497361.624,350751.781,374689.789,330616.170,381931.668,342288.590,469698.005,508964.078,408925.611,409490.143,341414.029,451688.952,425180.450,376554.013,493419.845,468746.234,498792.724,417353.027,376865.788,445347.671,343496.041,340532.069,469166.992,562076.856,461797.976,524207.613,575995.023,521650.766,557787.911,555066.507,516979.507,409332.532,472985.946,461997.429,503188.884,566005.229,542046.035,520076.976,657690.620,502780.013,535042.429,658612.702,613869.269,632969.158,508946.386,537817.973,526591.956,582354.152,491351.760,369742.799,581820.889,577789.525,569870.154,490736.979,541703.184,493445.085,161968.938,248484.139,521155.225,488172.731,577142.159,605214.405,480929.038,446174.913,486176.166,472389.901,574296.422,559335.674,443455.390,378361.923,500115.460,439109.598,601149.102,764795.104,757646.786,741196.926,655414.859,575937.791,542232.847,438488.222,486031.588,585295.073,662267.732,770577.841,785690.649,812845.490,870033.730,691345.203,741018.836,661737.514,640500.971,656734.086,490077.027,660914.570,697533.948,665289.506,781557.924,840991.142,799599.940,822962.252,802874.886,799560.694,798772.664,1511754.557,1475742.589,1351174.353,1035500.863,1046981.188,1229622.147,1643672.577,1836280.496,1438369.780,1309941.997,788608.058,776039.232,919186.792,970806.410,895201.225,611594.540,714144.905,846918.944,965834.126,797205.643,953079.458,724373.127,477138.010,205697.070,567405.354,591506.039,465339.765,716666.382,998891.629,751748.812,1041164.688,713897.511,1197698.172,823786.947,533525.156,825494.383,800318.085,1002109.654,1103967.307,1102193.038,744825.000,696492.000,657156.000,637671.000,633378.000,644096.000,489523.000,594830.000,648174.000,629968.000,767757.000,696326.000,735561.000,725234.000,707098.000,737375.000,722401.000,678177.040,583669.460,687937.000,722510.557,677386.704,702326.061,746119.593,865988.870,914490.903,769229.765,700188.003,685710.490,827284.842,598300.030,771628.590,952816.877,916354.040,1116007.436
Guerrero,1453471.660,1219958.270,1260685.110,1499534.620,1596512.620,1221143.200,1353868.470,1718553.640,1697410.980,1812106.790,1537456.860,1400680.920,1383355.599,1277883.124,1510888.327,1618294.480,1773554.089,1455329.732,1624964.989,1582895.395,1830681.943,1994329.818,1432183.592,1139821.831,1227515.371,1215585.361,1171304.499,960490.771,1109489.679,982162.979,884160.719,838241.345,864929.911,1333370.500,1215444.501,1119284.588,1259291.280,1290816.260,1322121.700,1591978.630,1704859.910,1665648.950,1685754.310,1670347.310,1836889.710,1340225.080,1344439.480,1338076.720,1264868.140,1282798.380,1533710.130,1446904.670,1446007.770,1577860.210,1498504.130,1657866.700,1490441.560,1496250.320,1240838.530,1450265.470,1617638.320,1406942.870,1442522.090,1411813.990,1440327.280,1501937.110,1390492.010,1791255.880,1968570.650,1460498.990,1339394.790,1194298.630,787857.740,646927.750,519011.860,515957.750,874121.850,1001081.620,1169339.250,1237969.880,1207527.250,1309308.510,1000149.050,882309.570,1031231.020,1282034.860,1125869.900,1135284.260,1446856.030,1407718.320,1538070.120,1443761.220,1258470.720,1139259.780,1232510.740,1399804.380,1410860.840,1477047.025,1915056.381,1796259.519,1949813.216,1729173.830,1810785.661,2120546.643,2052670.072,1731064.887,1528786.263,1674920.121,2041907.558,1497092.055,1684529.131,1688658.841,1676090.260,1633831.910,1757235.324,1874444.660,1965546.239,1550459.586,1607794.724,1414073.781,1366971.285,1314263.135,1574834.982,1641403.957,1787321.676,1607499.883,1669073.906,1889877.765,2159396.853,2256496.370,1664238.172,1567332.920,1257933.834,1213416.010,1469570.858,1727344.400,1786123.238,1864280.935,2016329.068,1728620.816,2016081.504,1979103.550,1835392.489,1584585.323,1278655.817,1414833.824,1652926.853,1516537.786,1869311.656,2121490.822,2291491.535,2149865.123,1714628.784,2171656.992,1598922.572,1676571.363,1597016.186,1001651.525,1580263.192,2192293.109,2188501.689,2128715.615,1941578.129,1829417.865,1680071.883,1568562.128,1090779.564,1169240.824,1296529.009,1712707.743,2077824.121,2104325.214,2075072.247,1873986.030,2147054.921,2200757.770,1876263.143,1677299.145,1413630.133,1473659.727,1557059.508,1443447.835,1621316.466,1498417.775,1521217.619,1725733.664,2005828.949,2072775.760,1947474.964,1810632.943,1481206.366,1127857.789,1176989.220,1320834.661,1866374.824,1625766.872,1909984.113,1854552.107,1394969.274,1740368.094,1562596.334,1529627.038,1411722.294,1237094.202,933359.942,928918.346,954699.206,901799.686,1058983.335,976392.383,1087854.497,1147239.362,966455.375,720998.851,666135.258,581360.066,695866.513,637562.066,918126.724,811900.655,678423.404,1015651.705,1013730.087,1085911.360,1024672.817,947241.857,912120.710,722022.263,910173.745,838652.227,944891.459,764371.039,829278.611,998265.776,965956.349,972242.714,984347.135,950792.954,959593.828,738857.919,767321.339,736533.360,776011.998,717568.974,1268392.000,1103776.000,1270764.000,1231460.000,989024.000,842522.000,564879.000,896942.000,904071.000,873965.000,1195846.000,1080044.000,1007792.000,1281899.000,1091018.000,1245836.000,1214707.000,1139091.780,875424.100,622371.000,878990.049,691265.716,832071.374,1032477.333,1536458.513,1231128.562,1346681.966,1454063.432,1550024.884,1418848.987,1217588.835,911433.714,995788.241,1068088.953,1330262.757
Hidalgo,1123563.090,1118029.030,1123820.120,1151178.470,1375240.830,1307267.160,1289668.150,1068247.900,1013777.380,1223536.380,1116345.190,1254753.840,1348830.690,1136978.872,1159810.299,1117122.690,1346298.234,1074982.061,926105.390,927648.462,852734.006,912189.124,1059883.253,1116797.482,1068811.676,1002670.588,1000260.942,945087.419,899809.465,997648.768,1202073.756,1098577.356,1041228.921,1171067.245,1096105.441,1254920.718,1215287.040,1079285.910,1184340.340,1138260.040,1170964.860,1239033.900,1138500.280,921568.730,973249.040,885994.500,937104.910,1092924.970,1121165.440,908425.350,930416.320,890960.070,1060209.010,907680.290,886419.380,930082.610,863478.440,1018086.960,888063.650,928345.860,958374.570,860673.910,971883.750,958233.410,1064297.130,1024863.950,908491.110,969894.250,947561.150,847609.000,1098752.900,1194577.910,1185908.160,1095145.070,1123715.400,848431.950,844909.830,843527.390,943015.970,881709.110,849216.900,894818.880,897782.480,1088316.400,944911.560,566197.090,786510.090,775269.910,856674.150,810247.080,829942.670,830752.120,694674.760,850375.620,874230.200,861565.120,883224.652,697207.726,827925.119,987980.340,980811.733,996254.673,737007.241,800706.922,638989.061,706634.074,804990.337,921699.939,787518.906,789356.739,1063980.176,979802.485,1036348.420,991577.778,781009.583,937066.386,976052.537,1003283.488,1097580.699,1136126.860,1158012.942,946412.131,1015379.984,979475.268,1212960.365,1122752.418,849872.311,1039239.116,866948.398,950708.895,981060.038,1178917.311,1269807.383,1132514.427,1149729.976,1254433.648,1326190.103,1293689.760,878263.334,1227004.945,663574.437,827526.613,989181.646,1025870.225,826272.857,893845.935,1079411.529,1146920.771,1145378.734,926039.794,784573.510,926312.881,1027810.620,1033975.283,925883.656,741422.311,769517.852,672034.813,693185.223,834030.480,1031136.923,994919.019,1033322.502,1120471.459,954628.221,1160315.033,1186949.092,1074118.575,1077738.299,876534.479,939375.398,955310.545,984865.169,1318959.903,1120682.661,1242021.622,1054975.539,1088669.960,944967.053,813647.401,888969.586,811820.931,791191.984,916013.518,1128615.825,1132785.892,1104921.124,967387.718,870281.983,984411.291,1013943.707,879677.539,890491.914,718140.820,783413.116,1058834.613,1115570.575,1051572.978,902379.589,942419.169,713498.554,646161.833,777846.445,852481.554,37337.454,30546.652,28384.558,28812.706,30122.937,31874.700,80472.169,96386.013,60529.343,35260.168,44396.626,25502.184,42787.532,45824.261,19566.862,28060.084,38691.885,34557.769,75586.457,87775.045,71836.387,32257.678,17386.006,21021.662,23405.567,27800.565,29147.712,20668.844,20892.492,32768.785,85571.921,92868.812,95199.097,67852.928,16550.770,11550.975,26767.099,36171.519,12583.052,13222.773,941087.000,906928.000,855033.000,753014.000,693483.000,561580.000,508090.000,561539.000,719006.000,494948.000,694044.000,801427.000,779581.000,838873.000,870133.000,854606.000,860600.000,800911.650,662865.800,573697.000,793311.357,622129.105,775353.833,729625.915,930248.999,913291.811,863139.909,798930.951,864007.740,888148.609,700080.458,742916.522,806868.273,680182.546,733611.387
Jalisco,24130.780,26681.830,28092.470,22936.980,23413.110,30753.030,64733.960,87782.390,86168.670,52913.780,38874.260,27436.300,33585.868,28191.863,27678.997,32127.286,35505.891,47078.173,84265.332,94764.974,88706.534,68876.601,29026.580,26723.953,29272.988,21352.320,33131.300,25855.620,26230.460,86564.178,83497.303,88122.194,97563.100,79514.546,34284.221,29177.580,28575.860,26506.730,17717.100,16618.780,17126.010,23830.540,71579.260,85082.980,76122.180,37214.270,31883.710,22896.440,19704.010,22481.740,32407.100,26286.030,25170.000,38360.990,43550.370,90679.220,69141.720,75871.090,49571.420,27099.670,26666.200,24337.110,24746.200,29338.690,27272.710,37981.540,85352.290,99261.470,91019.180,48784.340,24769.610,29925.610,27141.610,30554.240,20243.370,23127.540,28628.490,63640.290,98595.010,94994.460,94887.480,68694.230,31909.520,25232.590,28356.160,25789.180,33801.400,31038.580,28045.900,31325.030,43542.610,17213.200,69635.940,43308.130,22195.760,21983.660,25737.000,56592.940,31393.100,31393.200,25002.200,38874.080,81196.280,79601.100,77513.690,40427.940,24918.500,24251.290,35257.910,33358.920,27462.100,30944.340,29979.300,33320.890,66951.700,64976.258,47889.838,27582.481,19448.364,25318.629,23478.800,45275.429,36783.404,20961.356,17221.785,40516.852,74212.113,89397.914,74222.770,29048.857,19538.339,20679.427,32683.201,26651.680,26916.606,31079.283,28375.095,38570.138,71987.605,77366.870,97743.406,72467.407,36476.511,34677.529,45890.836,26110.024,30300.283,31112.016,32871.236,52798.908,81684.751,66892.746,65337.718,74679.055,32855.157,28452.549,26529.073,32167.084,43392.091,37233.569,32002.093,63956.540,106412.006,92422.828,93083.670,60896.835,44848.450,36687.149,27850.298,24957.369,29449.098,28261.777,37157.470,60539.149,103565.302,112169.983,89246.372,81522.993,31300.278,26666.508,26766.602,25767.438,33570.662,33278.159,35065.362,34334.690,86745.469,89715.338,101144.533,79838.196,28136.672,27359.201,30503.210,32098.178,23525.293,31369.347,43169.580,50124.529,88817.880,87043.363,101289.737,93843.530,50460.299,30015.174,307418.909,388164.098,325611.296,366717.939,413269.734,497460.146,522591.254,499734.898,484607.500,591765.568,354651.941,409737.091,461850.316,460787.917,459954.280,379491.950,403150.040,463981.850,345665.414,440989.928,422559.196,323661.495,318352.201,373833.473,636001.085,583406.167,348773.360,489535.670,513829.415,532832.108,380782.404,462073.704,208950.695,331572.304,181269.913,272763.691,300871.157,537160.390,424463.267,430295.655,17189.000,40784.000,79652.000,108464.000,80697.000,41193.000,35070.000,28583.000,19526.000,19177.000,30149.000,24872.000,26614.000,23363.000,64530.000,68426.000,56072.000,39201.580,24254.560,32152.000,28081.105,22434.582,25298.498,25245.955,32351.943,33518.123,83327.356,86578.726,78619.221,41836.244,20143.590,20753.028,26861.017,27804.103,25169.278
Michoacán,174431.870,161983.480,171356.270,211419.750,150561.070,167391.680,175004.830,236410.980,227496.190,272616.240,238398.630,223097.940,168455.961,138922.984,172650.091,219404.982,291707.469,215996.526,331290.258,314351.021,381223.295,362667.491,240534.906,248177.542,270694.418,239441.357,305176.957,310070.598,387979.833,408572.174,363692.417,333278.716,298345.683,397984.440,335081.510,281411.863,266911.870,226360.450,256174.810,291256.800,279857.690,347354.550,338802.420,402074.970,352164.860,268545.360,253695.580,272671.130,285763.350,251049.400,246903.600,254932.720,338768.790,306541.820,264724.450,323048.970,323188.990,360817.530,348526.150,295106.220,315449.870,286021.380,339532.900,280932.170,296386.740,347276.670,319624.280,356602.350,409456.100,378222.100,319338.860,378311.000,287276.990,285998.620,309547.090,261857.840,234607.370,229802.730,355719.400,414051.900,406683.940,438269.830,306506.090,281189.120,283324.440,265622.920,252952.830,312371.320,312502.940,308893.480,334970.220,301005.030,261384.040,255524.410,266456.250,264961.680,265641.625,260038.904,323220.766,321462.638,378850.630,320428.634,311071.697,461119.177,441166.146,438087.752,304588.883,294808.132,318471.118,268320.133,295280.174,274406.906,271399.645,257871.470,328288.038,382657.340,415484.438,343050.671,293473.836,274935.413,273656.504,260403.629,286460.042,281793.282,325562.796,264499.201,285173.561,370423.327,328219.679,356303.370,271504.778,308742.240,268501.577,236475.040,258879.547,274712.496,269297.215,265068.023,386517.891,320053.784,348606.822,444661.679,416789.596,325913.158,300415.025,296049.309,303257.006,337165.332,388206.067,396214.338,473603.984,403893.647,363588.046,375827.919,278281.624,320769.331,311063.424,261685.995,341477.613,428726.772,427993.925,366238.260,356759.712,356829.493,334648.420,327896.223,307049.332,296728.837,296076.850,286177.420,285346.665,355586.725,381409.208,306411.111,359906.379,384813.353,395279.581,363747.951,304184.585,266216.224,399319.483,325371.341,505176.599,728024.139,663394.640,517911.958,522774.907,745239.889,1137626.517,1063071.887,427620.290,422996.483,398450.706,543069.380,622992.774,485559.709,693441.068,592390.505,602426.043,372047.677,448448.027,524884.789,627105.082,498384.315,503848.344,458794.386,550841.537,623134.651,723266.611,335477.256,486769.336,407125.602,455227.230,354220.526,430485.822,407668.768,370277.794,352041.271,525707.875,672212.853,803203.099,457242.503,402269.775,430452.753,796604.473,784995.450,397356.420,468987.968,224525.859,198446.376,234305.988,237955.873,291019.723,305329.689,357646.432,404311.719,415548.537,424614.717,242323.206,245502.563,510315.644,525839.574,613742.914,669039.834,713646.000,422388.000,668539.000,844794.000,882808.000,804162.000,385605.000,346900.000,384715.000,325726.000,374827.000,427576.000,547180.000,431091.000,282908.000,323957.000,375034.000,310444.780,311313.050,324591.000,246273.854,208329.472,236854.907,255653.532,279743.561,266745.002,286507.021,367851.412,317525.036,335848.462,321937.409,233572.463,241847.421,258035.555,316966.964
Morelos,,,,,,,,,,,,,,,,,,,,,,,,,,,,,,,,,,,,,,,,,,,,,,,,,,,,,,,,,,,,,,,,,,,,,,,,,,,,,,,,,,,,,,,,,,,,,,,,,,,,,,,,,,,,,,,,,,,,,,,,,,,,,,,,,,,,,,,,,,,,,,,,,,,,,,,,,,,,,,,,,,,,,,,,,,,,,,,,,,,,,0.000,0.000,263185.669,60280.981,34564.060,0.000,0.000,0.000,0.000,0.000,0.000,0.000,0.000,0.000,0.000,0.000,0.000,0.000,0.000,0.000,0.000,0.000,0.000,0.000,0.000,0.000,0.000,0.000,0.000,0.000,0.000,0.000,0.000,0.000,0.000,0.000,0.000,0.000,0.000,0.000,0.000,0.000,0.000,0.000,0.000,0.000,0.000,0.000,0.000,3197.966,5098.314,14212.146,87012.876,0.000,53604.484,231095.777,357539.872,441518.549,409363.342,430984.000,427527.574,374417.666,452710.525,423136.279,424292.000,449679.000,462742.000,267160.000,296643.000,439033.000,422232.000,438130.000,394115.000,332849.000,348314.000,404933.000,429780.000,425938.000,429270.000,436201.000,434867.000,210464.710,437878.660,396033.000,423590.969,413504.969,365675.915,342259.758,376261.668,444774.734,426809.546,432581.453,424884.780,134896.129,384227.786,427203.909,424372.144,418388.587,356227.277
Nayarit,94507.820,63120.720,68680.530,143984.690,221336.020,97606.220,67304.270,166027.510,219969.450,198102.110,84667.650,71804.100,84128.285,53446.949,42487.476,54782.183,146094.380,57305.868,62621.742,349623.798,652933.780,386204.342,89655.478,92696.904,82612.795,61352.527,141363.167,174576.787,182355.198,180834.268,298798.399,271426.146,475646.238,421106.234,94196.269,71600.743,68107.240,48222.740,59756.790,164192.120,172111.060,162250.660,120851.230,227625.360,163119.730,66929.910,51581.760,57468.280,52616.510,51205.050,54379.960,56850.340,57879.090,66350.540,65032.390,64751.600,55980.120,56869.970,54008.890,56678.980,66505.130,119340.260,92650.320,96419.670,158923.510,115452.290,443736.160,849962.480,233563.390,124441.580,143782.880,195601.510,169476.490,186587.750,203897.780,147363.190,230962.000,177187.360,562423.410,872506.050,1210474.920,359513.230,119747.130,126796.720,139903.550,260107.480,279040.460,263931.630,259718.440,164081.240,219528.450,115808.970,59557.390,69055.860,56867.770,57704.670,65935.521,235658.997,237262.449,187723.623,467297.730,292866.044,498081.236,764885.480,288426.301,212609.171,77030.028,57962.159,128185.564,192541.043,105541.322,86416.102,237048.600,382409.379,196505.571,174024.714,108326.542,75302.958,61986.467,59714.699,48908.168,39815.103,47848.489,87821.788,170132.100,207301.600,58922.798,139414.522,87966.299,93690.722,53426.975,132873.367,51629.131,39874.759,43769.237,87415.761,141728.152,271662.050,116513.660,200120.228,136151.187,148370.538,95475.277,60654.741,270215.816,158308.584,214586.962,389357.092,430026.287,602625.619,762813.806,338410.476,171687.064,94558.274,90500.535,73553.456,202521.153,390178.476,536100.896,357257.018,420237.907,586669.966,1002617.459,537618.805,123236.640,79598.004,53019.237,56285.968,55526.374,63656.307,290058.017,558984.425,784618.665,716384.554,557326.193,422254.120,305404.412,300842.963,94798.152,68011.627,75713.445,50027.549,62995.029,313236.461,867212.335,725880.159,85916.076,398818.332,252892.208,275213.057,110554.397,62774.511,61492.173,58618.463,70513.350,89579.824,544274.107,698908.760,611326.783,568982.924,741220.587,1078910.012,322414.919,117762.078,78077.074,207073.480,336417.063,527265.921,475043.517,776175.647,320037.443,308655.535,187759.044,93599.609,70647.546,56042.455,55410.124,53035.484,130113.752,306000.020,361325.638,310420.203,427006.217,480067.120,228997.020,160861.613,139924.722,83183.923,62434.460,132639.464,93381.420,268507.719,409432.981,289785.517,253630.841,1054437.853,1290745.838,1439763.202,243178.508,74153.404,81887.950,151722.062,242626.186,326985.166,585919.000,794393.000,472028.000,741899.000,807162.000,245672.000,81010.000,56746.000,66293.000,50038.000,66071.000,143251.000,199002.000,224558.000,159136.000,176179.000,164634.000,142658.210,116864.600,54116.000,70352.742,56157.594,102452.934,155733.155,287003.979,207419.531,111520.671,474069.849,855504.042,254431.378,139504.801,64972.762,58184.564,106558.047,139834.755
Nuevo León,548721.312,445502.405,510281.424,703133.904,746614.214,781665.746,835837.578,1084270.262,955463.321,981730.256,736205.537,811377.996,781191.785,795614.309,894756.109,823752.615,1059603.756,972223.982,898335.331,814993.388,811241.158,784845.465,638669.915,464199.795,444590.454,399039.072,488421.694,437468.123,437984.552,489671.930,730211.197,698702.029,644925.877,621394.876,672874.241,498477.473,507192.450,589124.490,613022.040,599845.740,659567.730,632375.230,554981.950,644641.370,639152.960,525498.860,386993.350,464746.900,520827.444,463330.560,546980.485,724894.922,821778.043,801769.614,832118.925,821396.798,728051.218,749011.624,554857.825,555117.745,491961.731,569841.956,669441.248,473616.589,625107.714,677745.044,575283.481,533191.843,543013.924,771288.631,670441.316,621718.470,648231.726,552767.745,673311.251,854837.079,815003.517,821421.357,788592.684,713444.234,682056.788,717744.938,602515.604,552781.730,512933.070,532218.550,643773.670,698915.830,840877.950,728034.240,832982.880,933624.680,855684.830,814165.710,676374.580,572111.550,613894.955,454458.617,516802.116,684642.656,919955.691,884819.059,711200.202,719202.273,566075.185,685276.256,547316.723,691570.171,705046.350,583559.862,826716.390,883016.687,930712.497,870774.467,900755.984,993668.218,868245.366,762084.984,715380.784,659079.678,712228.868,587305.995,857853.046,842065.117,1014912.180,972239.272,949723.497,995657.009,923345.359,908232.320,745558.774,795772.171,835067.116,722745.079,856602.991,831396.722,917414.850,937850.271,861885.681,834118.579,579794.725,607093.887,537984.646,586897.680,588233.125,577340.405,721913.832,676168.494,820544.786,798592.826,809494.903,852780.869,733179.754,789930.443,639266.212,504798.669,479140.564,504506.460,724211.769,841056.559,898083.635,891975.132,916456.629,965568.883,931135.086,863305.058,747926.419,836156.900,763871.329,801887.725,851437.191,932603.653,879595.477,919976.925,790856.095,689457.732,685093.726,539225.037,548175.815,558679.123,548713.670,473802.514,595595.957,585604.888,656475.567,637702.109,651205.044,644583.636,653318.909,669509.064,664236.786,669639.024,657324.849,593399.128,628950.475,622848.042,662502.777,632521.245,662286.418,623248.866,623984.514,647172.989,595013.499,527062.882,686227.461,551174.545,578816.489,625953.426,795989.020,786797.581,729353.929,796781.022,750877.933,654354.802,356725.073,297321.628,404885.596,102822.570,155820.098,2551.355,155713.601,442123.954,591729.158,593057.675,443252.567,343366.153,225587.239,37216.045,493595.076,495369.317,619545.141,668381.615,891599.840,1091318.979,1043409.292,965948.839,949198.291,735679.696,579885.762,448201.697,248498.662,333906.086,345860.717,524548.643,641056.000,496912.000,544191.000,532868.000,412733.000,322861.000,307531.000,201241.000,396482.000,371071.000,270229.000,442104.000,675986.000,803412.000,829059.000,821886.000,770494.000,525114.080,380603.790,317348.000,825103.311,847263.423,1080275.253,975959.015,1318928.886,1214456.594,1135368.691,1131519.928,990534.260,994413.489,827031.165,777872.211,861045.352,911425.705,961077.758
Oaxaca,116632.080,101156.310,106092.240,166641.780,132583.230,95221.950,143530.330,163831.740,176565.150,146645.680,103884.610,82043.600,90789.637,54042.993,60797.771,71955.650,67438.252,52002.090,197896.596,69938.524,136971.287,106249.036,133129.533,41854.376,107532.122,96828.304,166282.746,157203.041,220976.738,216796.864,156096.445,61513.976,36106.616,34952.403,38833.762,41398.084,33499.360,30080.990,57620.160,163456.760,138582.580,77986.910,216157.980,204427.500,235382.500,137774.120,105079.800,111535.500,122233.750,156019.170,163726.800,119512.700,145451.470,75323.630,203010.360,218111.680,130914.690,56386.460,57933.650,139631.610,139796.530,132631.880,160940.430,169698.620,204647.940,94120.320,70094.430,52408.120,147247.730,97885.470,140631.390,135612.100,141602.820,165850.040,113554.290,60929.680,69386.180,126737.680,258839.130,222775.030,99678.740,112413.710,71488.100,75268.250,101455.650,163647.260,151249.280,138283.280,194406.150,93467.410,140648.340,129755.290,81920.150,79087.120,69967.270,123187.210,113577.106,124567.549,162475.481,147358.764,181514.659,84839.125,203797.221,251633.556,175074.745,267366.044,124497.902,118097.363,121144.891,130476.236,154260.289,147055.833,140279.145,46956.232,166185.596,228941.408,171762.445,97041.355,130582.563,216360.799,190837.071,207087.979,232157.592,220886.391,254570.242,177713.727,399922.057,286813.511,324461.036,409228.517,335687.257,265871.409,320841.187,202852.910,314511.385,240300.564,189558.150,221660.057,278232.347,308879.084,216275.028,253456.867,293747.229,292462.776,330037.412,302054.751,352212.670,305890.151,203090.175,204360.234,359184.984,205050.063,164544.309,373413.293,265783.355,290316.510,379120.580,351787.366,318219.385,257342.316,307478.706,249268.067,301414.801,223102.394,126441.844,197834.217,327519.683,227216.991,328767.568,364216.558,282001.537,345040.496,292529.742,177431.642,319389.876,282400.337,281654.793,360233.042,343956.560,301553.504,227909.983,304511.023,398982.898,310591.106,206044.246,233575.690,396173.174,192622.417,202694.731,397716.465,283829.659,341795.594,293823.264,287542.343,325613.804,333490.104,288025.495,173150.824,345907.824,259354.215,213682.493,300098.416,349328.591,409358.357,391182.284,250474.939,317028.554,262640.609,212348.800,158619.970,227744.126,109911.448,145743.914,142141.858,283170.054,265455.012,270964.920,229065.853,252197.729,236753.883,263626.637,280876.981,155126.533,288567.452,313544.628,345848.500,251533.662,297182.881,291844.872,215828.420,293683.718,224849.138,285319.608,161338.425,343837.258,262784.996,313977.814,237834.307,363353.820,252877.876,246421.752,250907.990,263648.888,239356.690,250128.000,225972.000,392446.000,335010.000,316783.000,400141.000,287825.000,300888.000,277619.000,276747.000,253255.000,205643.000,168240.000,96334.000,250035.000,333152.000,362802.000,218677.400,263578.720,277942.000,234667.846,208127.914,182381.343,270512.996,188583.091,92422.050,361225.497,418851.487,275979.230,344286.606,232963.267,236263.917,230370.104,280686.669,256408.310
Puebla,73759.320,73007.300,63080.400,55363.380,50767.420,62299.640,100280.880,93624.770,139380.870,136785.150,124396.400,81927.110,82218.103,64351.003,57053.826,59963.664,59921.014,64711.965,89922.825,130627.159,170681.011,230143.431,140046.835,235935.002,113124.445,76841.422,82258.576,98186.567,103559.305,125150.682,167717.248,158484.008,190158.453,215656.572,115739.924,99177.887,130895.530,120366.460,66483.310,69577.100,84617.920,197219.910,106178.460,158606.180,166779.750,132323.900,130974.750,111273.040,102404.100,82108.100,101692.790,79741.870,99288.170,72727.900,95053.060,130670.830,184855.670,319836.940,168622.620,172087.060,110117.520,94665.060,84958.080,53534.620,112320.620,157062.530,92667.430,169491.170,229748.170,282793.830,250265.960,230561.530,258206.010,219406.680,173810.090,150419.820,122643.110,215191.390,181921.500,168090.190,223035.620,220708.580,171523.840,128825.240,109820.430,129740.180,127719.980,98802.920,79029.190,92065.630,118016.530,129159.190,210674.050,191337.570,230905.170,332638.240,274582.438,318460.015,344060.605,322449.292,306317.961,341890.617,399824.826,346048.078,309942.321,299421.757,410308.711,360063.730,388327.255,306143.205,311940.896,348783.265,387420.604,384111.519,497357.047,489634.531,452025.986,265668.126,360529.734,395532.788,395013.355,328209.266,360484.207,360666.663,411115.858,418829.787,404826.149,495235.316,460947.674,228962.012,337501.445,308962.760,362032.495,329174.935,371588.538,314550.456,278750.887,432409.415,442891.023,458465.467,478952.040,391785.834,297505.137,337615.518,394604.174,341620.444,370874.860,342583.253,367022.792,412513.595,435964.038,478342.722,483384.326,525212.791,320623.360,426152.703,392822.999,351036.431,373893.751,353135.032,359900.707,318048.010,375300.763,369564.655,420151.669,215780.128,352105.705,331672.456,339415.398,303140.615,279835.613,283876.634,310232.229,315947.292,388315.487,405398.979,392690.369,407360.084,378650.267,373149.280,356637.878,313170.326,302602.004,316303.799,339848.834,332128.639,391082.628,413277.614,444942.700,501954.408,357977.438,305765.087,365097.534,344720.178,342104.763,341861.052,363069.260,330280.602,355035.190,365435.183,357047.307,414768.022,172759.980,89349.575,72718.844,76825.509,213848.048,315506.022,342405.122,355103.649,369758.555,367074.803,338547.294,253326.277,356938.186,315515.352,354692.015,325577.845,332385.818,264216.661,172225.396,268100.528,256800.642,242202.431,293039.666,119193.586,380917.007,214889.894,233338.508,284010.559,316157.513,298426.190,317509.429,358451.370,307646.113,352471.451,385808.216,374136.662,225868.049,253248.473,305496.451,244750.918,324120.309,330793.093,339732.000,305961.000,335398.000,290351.000,344676.000,248025.000,300058.000,267735.000,303080.000,246600.000,322908.000,294651.000,321108.000,307870.000,322179.000,338288.000,314292.000,361480.160,134761.350,241184.000,203214.933,234127.047,289965.114,302309.988,303308.714,322299.365,333347.536,300445.428,321680.838,101321.003,186180.391,270629.988,282987.067,278445.224,297367.672
Querétaro,193802.300,209928.400,198601.300,207605.700,206384.900,254651.100,273511.000,245494.000,234835.900,277478.000,284120.700,279696.900,279183.400,299562.900,300901.300,204823.300,173014.000,118785.600,129009.300,83727.100,74120.800,120510.800,212069.200,254929.500,291128.100,316546.400,236219.600,141973.900,251556.100,242415.000,254753.200,274700.700,255431.400,267397.000,333003.100,274156.700,289570.900,352452.000,312566.900,234937.300,304731.600,280566.000,321903.200,323633.900,276483.500,225117.000,50186.500,221192.100,132444.300,227836.400,274177.700,349700.300,389161.300,286054.800,324172.000,223673.200,146044.900,243479.900,185396.100,156586.100,188328.300,130914.800,143797.700,139959.400,132056.700,226402.100,273407.900,248878.500,193528.500,238582.700,197534.900,180278.700,149386.700,173542.200,179201.900,283221.500,281830.400,266100.700,248775.600,141608.700,135271.400,223913.300,92161.300,173973.500,349777.200,324670.700,408697.800,373633.600,381170.200,407230.000,337121.300,411491.900,356240.200,355653.000,296862.900,257648.600,266017.600,239817.600,275736.500,315131.700,283069.500,310621.100,393164.400,278648.100,325017.600,350077.800,286542.000,96860.800,120917.800,245497.000,294982.200,348523.400,251893.500,244867.200,221187.900,155621.300,153804.100,194987.200,272514.700,307849.100,340787.900,307384.100,368455.500,338382.400,369299.100,405080.000,407313.300,380112.700,359177.100,195557.300,367596.400,373874.500,378901.000,293963.000,285007.900,293574.600,335035.200,317384.400,268642.700,299043.100,252664.900,241448.318,110930.690,286735.718,343650.157,289310.352,257467.392,253465.740,403337.696,327219.856,398923.820,433220.488,418149.860,388829.156,306887.580,346758.912,382178.056,359344.292,410872.136,383636.640,382937.588,370795.368,406031.280,380110.890,391851.302,403568.236,157177.592,362848.116,345601.828,266964.776,282174.412,240637.752,279534.936,282958.284,254147.768,350683.424,398478.018,321296.090,306590.900,265364.548,362685.604,337154.088,413261.280,411363.388,372868.724,412868.032,438978.796,342038.680,273159.580,298653.600,299384.772,380591.020,389501.430,381137.097,345081.079,398230.924,432563.423,419541.161,410912.106,429464.633,286676.867,145850.459,143931.912,142791.735,145881.170,216100.990,412498.497,406935.266,422395.558,295171.310,359026.187,432220.696,422217.733,432322.520,281353.105,249674.974,353147.361,358933.207,391223.616,240711.244,274492.625,217760.216,257511.698,261495.208,243962.625,335931.154,230175.331,217612.597,293424.081,323233.338,354657.866,339448.493,383872.035,363401.879,334177.256,326462.584,193250.345,215314.823,212094.484,160802.989,329771.871,293321.838,302796.063,378030.069,368662.000,352349.000,351829.000,215558.000,210818.000,353240.000,302678.000,164317.000,329915.000,324568.000,356181.000,213728.000,363572.000,386897.000,372563.000,290983.000,240501.000,313301.640,209144.930,197086.000,349766.239,351981.504,354087.150,353699.761,424567.516,409513.926,380819.553,240339.687,303156.275,355749.150,160022.835,326510.824,383493.908,346963.440,372468.575
Quintana Roo,3704.680,2085.600,3696.600,2229.190,3599.540,2986.730,837.420,4600.020,22443.070,26206.940,30504.700,13541.630,21152.080,28254.747,39672.248,35871.563,45163.017,17937.816,3739.703,4387.676,13585.494,4111.295,770.817,810.888,385.457,4039.405,5176.645,1922.805,3178.080,7276.271,5917.935,34395.611,16527.934,15972.947,5760.730,3589.935,461.190,877.950,3787.560,4505.290,15094.770,49774.660,64892.000,29396.010,8078.810,2274.470,12968.880,9275.660,4215.690,468.050,1935.060,3783.640,7269.220,5685.980,752.940,2886.780,2745.930,2535.280,5388.550,1702.090,1967.660,781.130,401.310,1399.820,2974.710,3028.360,14321.760,3207.630,852.580,948.210,1497.780,9679.260,1992.930,4457.770,1429.320,2452.440,3385.710,2581.040,22052.330,9479.600,1864.500,2495.800,1078.540,1618.380,720.070,2024.470,10439.920,26173.550,16452.560,15253.250,24332.410,12659.690,31402.440,17413.780,2096.530,680.530,449.514,1243.507,1715.599,1554.093,1052.695,3386.307,1716.514,3102.023,9721.472,6633.282,1317.214,625.416,1554.352,1299.733,2562.415,3535.754,3086.974,3457.989,3398.627,2291.959,1877.396,4162.526,1289.012,178.525,1267.852,1253.545,1500.782,2091.495,3450.148,10042.450,3550.268,21170.637,26577.631,37765.422,6343.302,16594.925,13958.088,20066.450,14140.051,36334.026,19133.020,7150.230,2571.177,7965.199,4769.266,6394.240,2506.272,5661.106,821.889,1963.547,1678.117,4712.606,1578.663,2273.447,10598.634,3694.070,1058.784,2997.679,1999.508,994.585,2309.082,1954.653,3017.394,44446.503,8087.110,5294.944,6289.165,6011.064,3783.345,2258.447,5339.876,1742.841,1378.348,2030.267,7069.748,7152.731,24469.340,5046.086,10411.125,4555.489,4365.120,3664.554,1471.088,2366.859,2765.037,2680.980,5416.394,14296.378,32547.444,18287.056,8832.468,8346.979,11239.243,2337.107,1862.265,1759.472,2605.930,7535.056,6839.498,7995.287,26963.266,27742.180,40062.183,33047.210,68398.939,42299.422,27013.178,3683.019,2603.395,34943.338,45957.417,105647.342,127832.680,103929.621,85153.700,54445.923,24313.278,41259.130,37882.121,17369.807,12768.212,13376.877,22031.150,15059.573,16031.915,8891.777,16458.543,14949.663,21376.113,9820.330,18594.056,10466.433,7336.641,27748.370,7880.724,19098.317,12160.859,15563.492,16939.740,16201.010,9677.935,30373.679,5175.590,5277.127,22431.280,35335.184,22285.258,26504.379,37826.000,31038.000,101120.000,67623.000,35109.000,25048.000,21793.000,25222.000,10254.000,18341.000,33451.000,35756.000,52926.000,81541.000,97403.000,85158.000,68327.000,56026.520,22716.760,15956.000,27363.115,25103.466,61116.796,61032.191,122202.134,94556.043,87381.911,86915.028,65883.252,25130.526,41207.830,15647.049,23414.398,43181.299,41749.481
San Luis Potosí,257480.540,321535.580,400189.400,73192.250,228783.690,221998.550,227679.330,216481.860,235842.360,230117.480,227950.950,385102.390,378668.315,403859.119,436124.565,425079.503,467122.447,391092.308,365476.899,388388.146,271316.593,187858.449,242679.802,392635.902,319376.688,216440.533,219022.294,239884.545,313549.088,384894.627,266163.558,328325.457,245799.864,402241.859,422575.753,318243.308,400911.260,385826.180,395216.030,315275.720,216725.580,304141.810,239646.480,218590.180,215194.650,216652.430,202171.340,217918.840,210451.570,160864.710,181924.870,158109.690,154039.960,178215.490,194243.170,188890.690,164694.780,249786.730,194910.100,180703.500,178732.791,318455.250,312060.711,388593.702,450650.226,618392.549,755415.299,845518.263,850583.126,897567.994,804688.520,824130.131,1000176.383,982267.047,1017961.207,1021424.476,1077063.331,1042983.866,885500.749,710513.215,712531.756,761197.974,732182.434,714454.413,819943.320,733968.650,967762.440,944655.580,889447.980,991853.300,909448.180,869913.460,919414.120,1007983.870,1030267.780,999394.830,965818.268,829238.559,1011441.131,1041575.858,1082537.725,992452.923,904128.908,831363.534,795499.619,895730.222,697917.572,777780.530,953626.307,824445.048,1032615.942,1010803.662,1078783.781,1078260.171,975682.926,991885.994,928175.148,1022035.993,909805.378,848660.030,911617.559,919860.375,1059763.077,869248.034,940781.060,1003893.363,999195.801,1058926.976,961265.913,897892.463,675782.696,455052.473,463486.882,512095.799,430034.661,843631.030,1053033.017,990054.488,929079.479,948779.544,834586.155,918971.128,706228.627,708041.331,561861.418,514200.325,765128.513,728079.030,664525.294,830178.339,567240.049,729939.339,866562.765,952997.192,687514.796,617137.601,816729.007,759515.674,847170.492,863023.086,919062.711,921184.401,886826.690,998254.272,986095.231,938635.045,797286.466,632793.566,722550.728,699490.833,788916.308,829066.469,993003.357,1086190.021,985074.790,937601.451,994365.002,849473.520,814902.837,804699.571,921913.833,820833.803,943317.175,1028607.942,1171812.715,1066554.732,984401.935,1092830.816,827420.875,905962.346,897495.388,852632.744,834122.082,679121.392,837423.950,911992.117,1058199.250,1119279.643,1056255.442,1051775.357,1061271.660,894234.375,815737.681,753949.416,836643.023,945252.713,884405.346,1019063.433,1098932.576,1000553.783,952478.405,1017751.551,963423.576,885004.921,829615.876,646053.334,764145.202,665849.269,748132.338,621705.164,771262.555,774328.029,908288.950,964064.363,806642.274,874252.853,744658.497,501279.608,238983.421,297390.012,333997.533,332868.015,629046.743,663915.009,714933.818,710810.999,598709.542,611563.754,542228.975,531213.112,424306.318,371471.042,422904.350,751048.843,797587.000,616685.000,697688.000,640693.000,602593.000,686545.000,737218.000,670779.000,774274.000,624900.000,787844.000,915539.000,880151.000,1012557.000,950673.000,974632.000,687307.000,973973.460,818541.750,732673.000,855510.925,650283.342,836212.698,845660.961,1070497.617,1052880.897,804594.886,815384.627,616665.792,565445.138,664438.008,562468.279,775774.204,830479.285,961795.249
Sinaloa,462381.040,368085.670,460102.380,574410.920,590466.580,646239.280,599207.220,622869.190,608496.690,620985.060,487538.470,385924.440,432096.084,407197.412,439833.221,473991.000,569266.899,610587.902,638137.306,649928.675,664023.625,627379.246,544721.216,381488.983,383465.511,431766.555,502572.175,445687.961,532838.126,613850.506,604126.213,645942.883,619941.723,562698.595,467624.993,615474.747,532324.060,590615.070,641902.600,664546.110,726709.830,692711.180,702040.330,755049.330,830979.820,797059.120,732418.060,715366.080,638641.170,518253.680,550549.640,482289.930,522141.190,581563.660,590996.570,632740.470,771430.370,656873.320,536872.170,535558.990,628276.430,570854.280,627120.070,632102.430,547579.990,637120.950,675143.490,646400.250,528068.410,613983.660,665372.600,463857.430,510872.240,477022.430,532431.320,480265.210,419236.610,577076.180,556292.630,733922.400,735965.910,636654.550,528902.160,375459.870,422812.490,431970.080,414297.330,360907.070,523682.770,540270.660,627192.490,650033.840,752674.460,815857.470,481158.830,433625.880,472582.845,403760.783,437726.071,472188.367,538712.354,635549.807,573075.178,660626.441,651613.712,586498.731,583876.090,416814.462,423383.684,397945.133,391308.977,536784.833,713904.164,736747.850,572154.650,601989.992,590385.042,465729.393,378160.086,272735.109,282454.061,303732.234,381979.044,354513.472,457526.185,468260.351,543426.015,693864.560,626097.701,636378.412,430202.414,364020.595,335911.332,389903.999,470438.703,416895.037,499329.826,610015.680,514715.675,551726.025,467658.089,553814.767,325291.279,361830.416,365021.008,311475.332,436460.322,386164.829,471909.498,474524.284,413311.845,545638.050,679613.758,579324.546,493310.066,360138.423,362550.903,359407.748,339634.364,359273.693,366608.082,435242.034,558364.349,713290.098,746848.763,592616.406,516095.053,312308.867,326773.537,363150.389,351246.974,510656.158,383531.814,368514.831,380815.803,522466.518,586143.512,553005.526,424986.943,356206.438,550632.128,456181.861,555544.758,442261.816,476146.459,624067.607,393074.031,717432.641,630621.278,674391.793,606119.791,399097.011,321965.085,294065.975,419695.461,449179.208,384333.035,460036.132,464849.746,589697.244,744573.671,715626.606,565488.405,375628.302,507358.243,556026.892,603150.425,450783.254,516617.656,458140.143,476666.888,715152.150,825661.757,881900.112,938422.505,953079.973,843266.390,770902.871,1025864.782,916122.675,971922.183,935827.204,882112.689,1108289.566,1004253.915,1018590.076,800231.464,707189.967,710850.364,697127.718,745562.774,741549.043,547896.593,806325.856,756560.959,958807.418,728155.403,844227.271,868238.069,801640.331,835807.642,810052.607,737675.152,727517.174,738860.000,720539.000,558249.000,750418.000,1029995.000,856291.000,555740.000,689620.000,833916.000,752416.000,664673.000,603551.000,962298.000,1152869.000,1098607.000,1198323.000,1229044.000,905513.480,639487.890,1009646.000,968027.743,883452.645,1120040.693,1010258.889,1247468.335,1384832.484,1393125.451,1424736.993,1376475.931,1054030.086,1087078.424,987197.852,1003702.094,972666.502,1074890.794
Sonora,542771.536,525244.004,503702.815,528362.033,726002.464,773738.560,857862.324,851705.870,811745.278,622393.118,554058.000,534473.772,555864.334,496000.844,667241.099,659412.235,789523.362,868624.680,905411.224,917787.726,824511.340,761844.197,542300.077,618607.463,567586.547,486551.489,573363.928,680425.260,849846.477,931954.209,903935.986,960443.248,794238.333,728257.160,579611.925,486634.868,545827.390,396276.390,527179.320,640012.460,788662.690,920376.130,1025190.590,959837.310,853497.870,692712.140,616377.550,652126.930,638506.937,676008.846,654879.546,795795.548,829332.310,931171.101,953472.129,1000872.511,853827.961,897380.151,694588.604,661119.577,698291.487,723764.811,750609.721,631852.528,970277.751,944809.502,994104.424,985711.978,961009.145,813257.577,634587.492,604150.340,672736.961,685586.913,738103.303,825494.579,915493.543,1080099.952,1020066.552,1009439.085,842757.757,848702.432,713249.597,721588.128,652951.090,502223.600,704741.590,763733.300,955555.020,981145.670,1080701.840,1097024.060,976904.450,795655.350,753977.730,742153.740,694824.681,565797.676,781874.329,788317.850,855393.798,1024199.369,1116876.661,1169716.354,968494.482,865652.622,718786.874,719970.277,626013.375,590718.523,685699.205,720641.120,980915.955,1052664.724,1181918.521,1282534.065,1170500.693,1087685.639,862861.566,797340.213,768071.633,684568.286,784901.387,842561.642,1018880.133,1116527.556,1069319.708,1196740.290,1138508.444,1100814.046,850571.661,997243.096,927166.036,641114.854,884617.924,1019069.486,1053833.404,1041976.933,1224432.120,1208881.735,973546.077,849139.383,804073.977,715954.269,791603.226,676915.249,773837.047,775757.363,832179.984,1065709.523,1048764.684,1001250.950,877046.017,791522.605,650096.610,720584.086,697530.521,590767.668,608155.024,754463.519,975181.976,1094372.152,1085747.146,1239025.736,1124381.326,1018760.761,739240.708,698329.577,726144.431,678155.322,827760.711,965563.854,1018653.550,1134881.617,1195916.885,1094140.611,1014238.084,908143.387,787124.152,777452.778,996085.654,894200.085,981091.955,1043763.678,1277298.824,1307556.829,1298144.102,1383950.690,1156949.847,1070360.474,991152.975,867760.501,926653.640,885663.262,974417.990,1051214.912,1173808.539,1277111.362,1453285.923,1443873.417,1375673.645,1156530.217,1041088.916,920040.850,891859.663,807886.452,790100.266,980579.760,1057183.978,1280470.649,1377683.390,1419751.292,1284266.828,1112126.370,941249.785,931750.023,921837.910,906227.171,1021982.436,1062930.039,1212349.039,1283606.591,1486425.160,1486448.855,1143787.499,1395722.393,1017057.927,964322.789,1084345.169,1001343.891,1073834.861,1109541.765,1357902.312,1610550.057,1466764.337,1511970.374,1414758.195,1370295.992,1135480.315,1327289.933,1244294.160,1074315.271,1223277.297,1152223.736,1596990.000,1641098.000,1775434.000,1659086.000,1308190.000,1079155.000,874547.000,1088856.000,1203817.000,1057081.000,1216366.000,1155410.000,1326357.000,1262349.000,1840728.000,1762690.000,1457210.000,1389151.640,1058574.520,923874.000,1016594.578,938817.138,1004448.467,1081243.096,1510900.227,1657994.494,1714378.821,1842617.659,1726120.367,1536001.315,901706.722,1067436.061,1154563.880,1080836.299,1116528.886
Tamaulipas,807995.390,900801.392,916008.544,1047137.623,1301604.277,1206178.001,1258280.836,1293921.454,1176493.664,1067201.441,1083429.388,1004286.733,1010211.338,1002947.350,1207240.395,1058763.509,1063409.991,1093363.197,1197666.438,1152069.091,966668.258,730319.868,964156.911,1005019.025,1186671.722,1157828.450,1470167.462,1816696.538,1866399.808,1959023.089,1909960.518,1958957.721,1798612.296,1867459.680,1488995.057,1570441.588,1666133.290,1745167.720,1709257.130,1443335.110,1903838.790,2002636.660,1834713.970,1742909.950,1473384.330,1494761.330,1653609.350,1111896.360,1587902.404,1594319.172,1950294.357,1689727.059,2062572.598,2019685.196,1962908.505,2104515.787,2098937.001,1842273.041,1747227.063,1582901.382,1821763.921,1299991.190,2302191.402,2000712.183,2507276.784,2436510.483,2396545.249,2528899.847,2610608.179,2396483.296,2090234.380,2078243.798,2109601.814,2326937.353,2134705.704,2319889.409,2446391.212,2380217.969,2313570.487,2472362.242,1838796.745,2025152.720,1953721.332,1763834.019,1850292.030,1845524.540,2173380.280,2278465.200,2576181.480,2825675.530,2821373.720,2765012.810,2616456.410,2719105.280,2350783.940,2179951.280,1936882.089,1740772.768,2303985.020,2521769.228,2749517.254,2964366.696,2897661.526,2766013.260,2378661.690,2651141.715,2659609.866,2658183.684,2519213.286,2556903.341,2929082.357,2894310.157,3056330.058,3303126.691,3154718.412,3104571.568,2630589.308,2744681.091,2705622.739,2825542.631,2680590.944,2716514.308,2726569.252,2587049.665,2543500.553,2935588.686,2838673.951,2920706.603,2992129.470,2702183.115,2675552.721,2639510.208,2725453.763,2715605.779,2522729.177,2598364.832,3191970.371,2885753.661,2928804.128,2777899.385,3013305.915,2974016.073,2660877.935,2563868.834,2049122.788,1915380.611,2677511.773,2721090.948,3050011.303,2950614.366,2765894.290,2825496.585,2823260.205,3125537.093,2683744.537,2810774.269,2722027.263,2664845.289,2818898.469,2709020.780,3038168.006,2694204.859,3044650.764,3240597.747,3037095.062,3075861.955,2800175.437,2707667.879,2354867.320,2329728.506,2698897.101,2781531.817,3087545.672,2940287.879,2829129.804,2943692.967,2963770.443,2970364.222,2688925.986,2437395.843,2229587.165,2280514.252,2693341.991,2448833.408,2691995.943,2516737.196,2486479.396,3021017.624,2810964.797,2761517.190,2798864.369,2342102.798,2401299.612,2641096.026,2595147.879,2455406.591,2617890.795,2444081.572,2841734.109,2897022.392,2375246.017,2508352.648,2504429.801,2264133.180,2277688.097,2235471.218,2476743.762,2167439.568,2779591.056,3065917.488,2892083.721,2969235.211,2659539.395,2790503.179,2286944.493,2017554.140,2069233.982,2277202.674,2443043.364,1857857.324,1815575.636,2124375.483,2630092.333,2751406.271,2403679.156,2135431.552,2004901.577,1757191.044,1919443.820,1972095.298,1902893.749,2111953.811,2074091.170,2168000.309,2220086.191,2237359.096,1953200.751,1878994.103,1508249.231,1783154.823,2198250.090,1943024.343,2129622.559,2273228.927,2549209.000,2186563.000,2328070.000,2019771.000,2054442.000,2280272.000,2257746.000,1878786.000,2081621.000,2170499.000,2249270.000,2487359.000,2705527.000,2829275.000,2634053.000,2842095.000,2679956.000,2731876.900,2349205.880,2031683.000,2063083.988,1795209.088,2245248.322,2210340.675,2517909.074,1961438.622,2356884.698,2327583.150,2356130.344,2212732.984,2138377.050,1775659.809,1905586.255,1490773.928,1624380.832
Veracruz,2790707.881,2473559.041,2669529.370,2844820.958,2886280.689,2825894.785,2829374.544,2682842.117,2506714.817,2165203.189,2214434.256,2722278.264,2892659.565,2837203.211,3017678.886,2634495.225,2686261.673,3136680.856,3237027.967,3018358.124,2748457.709,3033143.537,3328835.905,3346012.791,3243995.010,3068158.115,3478648.545,2930519.048,2832066.710,2940738.697,3383957.146,3454097.102,3327726.787,3197714.400,2776102.678,3122964.405,3182857.480,2653620.040,3057571.480,3348372.680,3059920.240,3168155.490,2975083.340,2715976.270,2523751.330,2918523.240,3032237.820,3003242.260,3304845.777,2960627.576,3193505.058,2963689.424,3036851.279,3233712.849,3410214.872,3280323.175,3051811.179,3109896.557,3188129.251,3257662.749,3390980.051,2973197.104,3103987.875,3243637.931,3568362.412,3462446.571,3472843.212,3012915.160,2727168.996,3075159.656,2998979.806,3261338.248,3264495.730,3083916.264,3115651.781,2850692.177,3071661.117,3124252.092,2718264.838,2570588.747,2091524.571,2300101.002,2297568.730,2650428.111,2905216.150,2700927.090,2917342.160,2811430.350,2981423.100,3183105.180,3131247.040,3320625.960,3399723.230,3545457.630,3057882.220,3002979.020,3317426.782,2779191.977,2956401.273,3004687.381,3335770.601,3010132.579,2339292.692,2018518.331,1829597.632,1893709.877,2019856.671,2394864.485,2440618.064,2456296.818,3009501.782,2964937.611,3341135.480,3230105.336,3162364.589,3126698.644,2764182.562,2567746.204,2082049.762,1689750.997,2816465.805,2500240.894,3491410.298,3378302.787,3721632.024,3610956.059,3391563.063,2454368.367,2025090.413,2611670.982,2731506.155,2802236.232,3425461.598,3024341.247,3263102.678,3392469.519,3219267.270,3294873.095,3290081.292,3564178.730,2812557.323,2843281.048,2613375.229,2584067.485,2696111.879,2324631.889,2393521.432,2230629.844,2546871.814,2584444.967,2381619.952,3032667.892,3067077.020,2153238.794,2273104.597,2240158.747,2410678.847,2306738.105,2533381.580,2487014.837,2533856.323,2975308.000,3110924.618,3608954.616,3363477.747,3181636.276,2420143.052,2199506.872,2182411.539,2348868.615,2239444.506,2568141.762,2908075.410,3190080.068,3384116.134,3280860.338,3272109.506,3354883.516,3103455.361,3179593.132,3080130.276,2637857.056,3247863.794,2872122.247,2892107.961,3230214.669,3240716.696,2958548.867,2510306.149,2247979.233,2021712.734,2699346.942,3025468.135,2975375.528,3242074.689,2906947.701,3014417.351,2971060.310,3228907.684,3236579.878,3083922.806,2834486.727,2953706.135,3045581.470,2743753.189,2337660.941,3103762.252,2879689.175,3141608.170,3202846.238,3195573.534,3311801.010,3103101.266,3117910.460,2962943.316,2738682.964,2858536.882,2872532.209,3171337.001,2785558.373,2714033.705,2533496.910,2660025.908,2480224.547,2103317.237,2665332.567,2245226.314,2285275.830,1727880.313,2082368.657,2857348.716,2800044.736,2995620.802,3077129.050,2891995.445,2753914.836,2806575.954,2488783.772,2303239.381,2519260.133,2225067.875,2201859.257,2588505.564,2229265.845,2460704.000,2667289.000,2887700.000,2746568.000,2441584.000,2318929.000,2530890.000,2538902.000,2564127.000,2387545.000,2881297.000,2415340.000,2851698.000,3266049.000,3294399.000,3115723.000,2839834.000,2619483.730,2689703.760,2618787.000,2801094.020,2826044.519,3012525.781,2626335.903,3183416.175,3312126.578,2868543.595,3246356.542,3010383.412,2839614.322,2770384.224,2446465.517,2601497.732,2534319.170,2665494.769
Yucatán,491778.732,507033.700,603394.616,639434.274,595259.908,511349.684,501566.836,597560.220,475493.562,544817.774,455867.792,519877.220,569631.150,550936.989,532169.818,574422.581,650432.363,572513.017,457048.803,502804.324,575605.450,554337.280,563291.856,469426.540,481553.302,426377.678,499154.641,494558.406,532913.713,532972.450,563100.510,458459.202,548032.238,560652.745,529224.310,469614.280,514087.190,479931.760,542403.670,575811.100,626948.970,534376.710,508631.260,464183.510,527733.690,469997.970,398011.790,442358.830,465718.632,439466.777,529864.490,514984.915,558418.488,683606.702,751662.504,634692.178,706884.872,802549.171,580983.527,577427.706,644083.619,605925.236,696290.776,720998.493,773336.272,731689.376,741511.430,733175.298,714938.099,690978.174,709947.080,759416.831,711878.934,693602.666,723189.576,705891.680,753179.950,773450.845,677555.591,737869.023,732383.404,716473.034,656272.225,679920.429,673643.870,598432.320,769163.790,715418.580,779674.480,795123.340,799633.700,769521.390,740804.740,710818.430,671556.250,722691.240,676235.713,615451.523,722720.375,761501.102,820650.975,817100.035,780824.272,757038.162,777088.203,694111.456,618810.617,652304.919,517953.589,498637.074,574300.983,507305.169,537529.960,549002.288,596951.360,575509.537,506617.004,559858.482,504614.698,484399.364,484405.450,432141.285,455039.347,471699.451,587782.140,618790.654,567178.567,663710.693,644294.034,651495.135,597141.623,548988.832,622178.007,534821.230,630140.251,626308.520,680427.257,689559.636,617372.474,600818.513,547465.958,530020.370,483601.123,465297.562,484753.966,425141.748,523365.094,515830.799,519199.536,529505.214,571205.957,565893.898,590102.343,594633.635,529802.686,499421.469,483122.285,404389.179,481671.349,419918.991,399568.373,359331.208,475496.958,436087.251,548917.856,643689.268,547683.140,524019.470,538787.327,301085.424,314881.582,443124.521,535461.849,510830.636,589161.536,599854.534,573094.334,685216.920,551345.141,435559.834,371959.338,354571.113,312144.876,392515.732,379399.921,459873.435,453721.575,487914.773,432461.495,456986.572,348904.841,275912.231,261933.764,305204.927,348523.076,437022.717,409063.634,402329.954,409585.464,431415.048,314712.791,308492.346,351451.746,298651.073,298141.592,338466.989,288379.012,312455.322,370304.545,375817.261,383578.873,429572.043,423454.800,448625.600,402022.150,346160.716,327760.550,403875.023,504962.382,390980.096,412507.817,343872.543,405178.232,399909.412,415312.910,525366.538,552340.150,560261.361,396987.177,577587.362,480001.178,479072.204,612742.895,591837.379,597078.432,609040.518,554166.665,468229.759,459731.263,563039.896,414924.767,326700.307,433943.057,641471.612,695649.000,658654.000,787680.000,763825.000,713692.000,677095.000,621079.000,577744.000,594928.000,560544.000,671829.000,697809.000,751648.000,765267.000,775793.000,742264.000,745996.000,789909.530,653387.370,622975.000,576861.408,437342.300,677061.542,728151.243,918354.477,850375.639,790498.147,832716.815,788824.101,789591.306,675814.086,649001.523,775353.568,459758.407,673153.465
Plantas Móviles ¹,1386.320,810.150,918.820,1514.820,2783.960,5803.730,8350.870,1543.850,2870.250,4086.470,988.730,1596.350,1331.120,3313.630,2178.530,21266.205,68198.781,78824.792,129521.135,136857.428,97015.256,73420.058,31536.286,13186.970,0.000,0.000,0.000,0.000,0.000,0.000,0.000,0.000,0.000,0.000,0.000,0.000,727.000,284.000,1245.000,95.980,1589.850,3489.160,5366.210,1163.590,1552.720,74.120,4.000,165.980,50.950,44.680,2142.030,2789.500,2725.590,3017.600,7953.040,4395.240,15062.150,3570.170,1071.270,286.510,366.560,95.250,571.540,152.670,213.140,1720.980,907.500,1140.310,1256.410,1230.900,1531.230,1733.160,441.640,336.980,281.060,416.740,1067.110,1528.710,2132.090,3009.160,1326.270,1799.580,850.610,1005.420,1150.470,651.720,987.300,1892.540,2800.160,2040.740,2563.070,4805.100,10222.240,3040.390,840.310,936.970,1560.900,898.162,2063.586,443.917,1481.935,2184.562,454.215,627.935,1466.056,1789.840,779.000,184.817,88.000,159.000,1120.504,389.942,2754.772,5382.793,12002.276,8304.498,8835.514,9547.739,2444.830,365.425,340.000,324.502,970.213,1161.432,4756.793,9107.571,15955.110,10618.815,16971.509,8597.057,2384.200,348.802,1124.000,68.811,174.076,398.889,2364.405,2162.149,763.758,936.422,940.961,1214.776,639.167,174.074,215.352,183.352,430.454,935.801,1286.924,5741.410,6129.886,5672.486,7971.440,38648.133,49094.571,16841.951,606.894,451.281,5445.606,3607.621,3781.705,25025.642,40183.821,45873.440,44180.302,35495.383,10003.589,1033.974,613.918,1166.388,1639.023,11507.648,15578.636,30864.220,32875.234,20705.433,27380.931,42094.490,16752.648,5917.765,6076.455,7938.347,5454.090,4587.820,9842.038,28317.908,55212.387,50776.499,52121.399,56549.431,38833.517,20403.800,6362.251,5867.143,3054.899,18137.058,30370.331,41215.501,46837.182,51049.177,52416.994,44240.758,32525.573,19483.389,2316.890,6297.896,12890.158,24424.292,46251.342,44226.160,61407.278,58463.490,54604.905,48114.091,36090.910,14735.066,3195.018,2376.993,4675.217,5070.418,11116.268,23764.439,30250.727,32019.369,51878.994,14548.777,32774.605,4752.298,7969.946,2489.025,10875.092,18483.531,24967.370,45781.536,53991.560,51399.669,42179.699,37221.521,27146.638,11900.002,5179.350,5714.615,20547.383,22518.393,24245.000,39282.000,51192.000,57465.000,55695.000,47507.000,30986.000,26894.000,11835.000,12403.000,23234.000,28016.000,32794.000,25210.000,49896.000,53097.000,35167.000,30462.580,26060.140,11847.000,3005.226,2803.279,2168.678,6829.126,8358.433,39056.465,54242.111,61010.901,54695.244,57010.119,5359.254,2109.621,986.449,2708.212,2149.716
,,,,,,,,,,,,,,,,,,,,,,,,,,,,,,,,,,,,,,,,,,,,,,,,,,,,,,,,,,,,,,,,,,,,,,,,,,,,,,,,,,,,,,,,,,,,,,,,,,,,,,,,,,,,,,,,,,,,,,,,,,,,,,,,,,,,,,,,,,,,,,,,,,,,,,,,,,,,,,,,,,,,,,,,,,,,,,,,,,,,,,,,,,,,,,,,,,,,,,,,,,,,,,,,,,,,,,,,,,,,,,,,,,,,,,,,,,,,,,,,,,,,,,,,,,,,,,,,,,,,,,,,,,,,,,,,,,,,,,,
Nota:,,,,,,,,,,,,,,,,,,,,,,,,,,,,,,,,,,,,,,,,,,,,,,,,,,,,,,,,,,,,,,,,,,,,,,,,,,,,,,,,,,,,,,,,,,,,,,,,,,,,,,,,,,,,,,,,,,,,,,,,,,,,,,,,,,,,,,,,,,,,,,,,,,,,,,,,,,,,,,,,,,,,,,,,,,,,,,,,,,,,,,,,,,,,,,,,,,,,,,,,,,,,,,,,,,,,,,,,,,,,,,,,,,,,,,,,,,,,,,,,,,,,,,,,,,,,,,,,,,,,,,,,,,,,,,,,,,,,,,,
¹ Estas unidades cambian de sitio dependiendo las necesidades del sistema,,,,,,,,,,,,,,,,,,,,,,,,,,,,,,,,,,,,,,,,,,,,,,,,,,,,,,,,,,,,,,,,,,,,,,,,,,,,,,,,,,,,,,,,,,,,,,,,,,,,,,,,,,,,,,,,,,,,,,,,,,,,,,,,,,,,,,,,,,,,,,,,,,,,,,,,,,,,,,,,,,,,,,,,,,,,,,,,,,,,,,,,,,,,,,,,,,,,,,,,,,,,,,,,,,,,,,,,,,,,,,,,,,,,,,,,,,,,,,,,,,,,,,,,,,,,,,,,,,,,,,,,,,,,,,,,,,,,,,,
,,,,,,,,,,,,,,,,,,,,,,,,,,,,,,,,,,,,,,,,,,,,,,,,,,,,,,,,,,,,,,,,,,,,,,,,,,,,,,,,,,,,,,,,,,,,,,,,,,,,,,,,,,,,,,,,,,,,,,,,,,,,,,,,,,,,,,,,,,,,,,,,,,,,,,,,,,,,,,,,,,,,,,,,,,,,,,,,,,,,,,,,,,,,,,,,,,,,,,,,,,,,,,,,,,,,,,,,,,,,,,,,,,,,,,,,,,,,,,,,,,,,,,,,,,,,,,,,,,,,,,,,,,,,,,,,,,,,,,,
Referencia:,,,,,,,,,,,,,,,,,,,,,,,,,,,,,,,,,,,,,,,,,,,,,,,,,,,,,,,,,,,,,,,,,,,,,,,,,,,,,,,,,,,,,,,,,,,,,,,,,,,,,,,,,,,,,,,,,,,,,,,,,,,,,,,,,,,,,,,,,,,,,,,,,,,,,,,,,,,,,,,,,,,,,,,,,,,,,,,,,,,,,,,,,,,,,,,,,,,,,,,,,,,,,,,,,,,,,,,,,,,,,,,,,,,,,,,,,,,,,,,,,,,,,,,,,,,,,,,,,,,,,,,,,,,,,,,,,,,,,,,
Fuente: Sistema de Información Energética (SIE) con información de CFE.,,,,,,,,,,,,,,,,,,,,,,,,,,,,,,,,,,,,,,,,,,,,,,,,,,,,,,,,,,,,,,,,,,,,,,,,,,,,,,,,,,,,,,,,,,,,,,,,,,,,,,,,,,,,,,,,,,,,,,,,,,,,,,,,,,,,,,,,,,,,,,,,,,,,,,,,,,,,,,,,,,,,,,,,,,,,,,,,,,,,,,,,,,,,,,,,,,,,,,,,,,,,,,,,,,,,,,,,,,,,,,,,,,,,,,,,,,,,,,,,,,,,,,,,,,,,,,,,,,,,,,,,,,,,,,,,,,,,,,,